teDelta,byt,pkt,td,sa,sp,da,dp,pr,TS
179,602,663,7.973948433995247,231.228.130.99,123,42.219.152.246,443,TCP,2016-11-04 04:02:59
229,628,67,0.7761430134996772,42.219.152.246,80,230.77.154.161,12886,TCP,2016-11-04 04:06:48
150,541,1,0.7758110286667943,126.101.146.218,45551,42.219.152.246,5059,TCP,2016-11-04 04:09:18
4,432,1,0.8088896661065519,124.183.97.166,15247,42.219.152.246,3486,TCP,2016-11-04 04:09:22
92,90,5,0.7516836421564221,141.71.182.122,6764,42.219.152.246,80,TCP,2016-11-04 04:10:54
5,104,1,24.004383087158203,42.219.152.246,161,140.10.111.229,12838,TCP,2016-11-04 04:10:59
203,395,6,2.5418773703277107,148.109.32.61,6762,42.219.152.246,80,TCP,2016-11-04 04:14:22
15,477,15,22.159796923398968,151.243.137.186,5927,42.219.152.246,8073,TCP,2016-11-04 04:14:37
110,603,33,18.13636117056012,222.221.130.215,5200,42.219.152.246,161,TCP,2016-11-04 04:16:27
30,445,54,0.79385433671996,12.185.119.183,12850,42.219.152.246,3521,TCP,2016-11-04 04:16:57
139,77,2,0.8345810493919998,42.219.152.246,80,238.209.111.61,12852,TCP,2016-11-04 04:19:16
34,483,1,2.5604668306186795,111.173.152.138,6801,42.219.152.246,80,TCP,2016-11-04 04:19:50
148,76954,1,0.7874651500023901,42.219.152.246,80,246.85.48.100,5193,TCP,2016-11-04 04:22:18
154,55,1,0.8146538457367569,131.60.99.234,5195,42.219.152.246,22,TCP,2016-11-04 04:24:52
123,28,5,2.457233915571124,155.67.59.165,62765,42.219.152.246,5086,TCP,2016-11-04 04:26:55
188,78,88,5.5309362821280965,42.219.152.246,3511,35.179.32.173,6777,TCP,2016-11-04 04:30:03
174,118,1,3.736464276909828,240.222.43.136,6787,42.219.152.246,80,TCP,2016-11-04 04:32:57
150,17280,14,0.11847463622689247,155.13.150.66,5182,42.219.152.246,110,TCP,2016-11-04 04:35:27
98,573,1,0.8256034289952368,214.231.33.196,53,42.219.152.246,3219,TCP,2016-11-04 04:37:05
88,76,453,0.7605059193447232,139.57.67.32,5942,42.219.152.246,445,TCP,2016-11-04 04:38:33
116,533,1,289.6165255308151,42.219.152.246,3426,104.234.101.216,39744,TCP,2016-11-04 04:40:29
68,44,57,0.8271590585354716,42.219.152.246,80,136.77.140.110,6752,TCP,2016-11-04 04:41:37
86,512,3,2.5534965014085174,42.219.152.246,5087,248.202.51.173,53517,TCP,2016-11-04 04:43:03
14,419,1,0.7118748743087053,138.78.73.163,6787,42.219.152.246,3462,UDP,2016-11-04 04:43:17
147,508,29,2.630289123393595,227.235.28.34,41481,42.219.152.246,5045,TCP,2016-11-04 04:45:44
35,92,2,27.42186876386404,42.219.152.246,22,144.221.86.211,20014,TCP,2016-11-04 04:46:19
33,584,403,0.8169619347900152,229.203.123.133,12908,42.219.152.246,5122,TCP,2016-11-04 04:46:52
105,368,60,0.724115040153265,137.10.129.154,5193,42.219.152.246,8078,TCP,2016-11-04 04:48:37
20,561,5,2.392518509645015,42.219.152.246,8096,38.185.79.70,6746,TCP,2016-11-04 04:48:57
73,551,186,0.7853674250654876,117.234.207.134,64537,42.219.152.246,5084,TCP,2016-11-04 04:50:10
178,42,1,30.22516492009163,42.219.152.246,80,119.149.34.127,12919,TCP,2016-11-04 04:53:08
26,1763,1,2.6390813123434778,206.101.117.105,12868,42.219.152.246,80,TCP,2016-11-04 04:53:34
54,605,15,92.27915865182877,83.221.28.231,6736,42.219.152.246,80,TCP,2016-11-04 04:54:28
311,507,1,20.33657138049602,42.219.152.246,5083,132.127.29.102,12845,TCP,2016-11-04 04:59:39
17,500,8,6.248959299176931,81.32.145.62,53,42.219.152.246,3430,TCP,2016-11-04 04:59:56
53,125,80,0.7732938432600349,140.68.109.168,25,42.219.152.246,445,TCP,2016-11-04 05:00:49
156,90,1,33.060355961322784,42.219.152.246,22,123.76.181.124,12872,TCP,2016-11-04 05:03:25
117,470,18,1.7665149606764317,42.219.152.246,161,89.94.35.196,41469,TCP,2016-11-04 05:05:22
103,616,77,2.4673095876351003,123.84.103.201,123,42.219.152.246,5072,TCP,2016-11-04 05:07:05
237,327,2,2.5310824541375037,42.219.152.246,80,110.208.254.80,6729,TCP,2016-11-04 05:11:02
36,465,1,0.8268175232224166,182.90.39.98,54308,42.219.152.246,5045,TCP,2016-11-04 05:11:38
31,1446,1,0.7679691547527909,98.64.4.164,6791,42.219.152.246,80,TCP,2016-11-04 05:12:09
49,490,1,0.8603736001532525,42.219.152.246,1918,6.69.82.183,5186,TCP,2016-11-04 05:12:58
152,533,1,6.5240665432065725,60.59.38.153,55519,42.219.152.246,8099,TCP,2016-11-04 05:15:30
100,20,12,0.76909213908948,96.27.74.143,44723,42.219.152.246,5115,TCP,2016-11-04 05:17:10
56,692,1,5.631989152170718,42.219.152.246,123,100.252.48.145,6732,TCP,2016-11-04 05:18:06
189,41,1,0.7748180322814733,164.162.12.24,46658,42.219.152.246,3452,TCP,2016-11-04 05:21:15
140,36,95,8.645855309441687,12.84.72.167,443,42.219.152.246,3464,TCP,2016-11-04 05:23:35
202,90,5,244.56360626220703,42.219.152.246,80,100.212.160.92,12824,TCP,2016-11-04 05:26:57
121,498,14,180.44512394070625,42.219.152.246,8106,146.54.114.44,6769,TCP,2016-11-04 05:28:58
175,560,6,0.7731649540364742,231.59.135.177,80,42.219.152.246,22,TCP,2016-11-04 05:31:53
30,449,1,0.7085927630541846,35.208.132.226,53,42.219.152.246,110,TCP,2016-11-04 05:32:23
242,1211,80,0.7678734809160233,42.219.152.246,3510,109.118.134.172,6798,TCP,2016-11-04 05:36:25
159,604,5,0.770303106168285,113.10.116.175,5182,42.219.152.246,5099,TCP,2016-11-04 05:39:04
28,49,5,6.394503884017468,42.219.152.246,80,217.107.106.171,5136,TCP,2016-11-04 05:39:32
13,83,6,0.7634456923697144,131.74.156.33,41488,42.219.152.246,3463,TCP,2016-11-04 05:39:45
5,605,1,0.8541367140132934,81.55.74.48,80,42.219.152.246,161,TCP,2016-11-04 05:39:50
502,492,19,2.6565487179905176,42.219.152.246,5087,136.40.58.152,15320,TCP,2016-11-04 05:48:12
43,649,1,6.889009829610586,119.223.167.153,5130,42.219.152.246,3455,TCP,2016-11-04 05:48:55
54,678,1,16.339867506176233,125.244.199.100,25,42.219.152.246,80,TCP,2016-11-04 05:49:49
206,37,2,0.7706208075396717,42.219.152.246,80,133.124.190.157,29995,TCP,2016-11-04 05:53:15
120,606,4,0.3151408284902573,42.219.152.246,110,139.248.231.189,19972,TCP,2016-11-04 05:55:15
149,18,1,0.7489396117161959,100.238.128.113,5151,42.219.152.246,8102,TCP,2016-11-04 05:57:44
22,599,33,0.8910363041795791,42.219.152.246,161,163.36.176.167,5145,TCP,2016-11-04 05:58:06
180,528,16,0.7871422085445374,130.132.41.148,123,42.219.152.246,3491,TCP,2016-11-04 06:01:06
108,529,5,2.5591703318059444,138.103.24.193,5155,42.219.152.246,80,TCP,2016-11-04 06:02:54
67,556,31,0.739137438358739,20.167.93.159,6798,42.219.152.246,5074,TCP,2016-11-04 06:04:01
43,68,50,0.7417693985626101,21.237.97.33,49378,42.219.152.246,3212,TCP,2016-11-04 06:04:44
4,90,1,0.8104215462226421,171.165.40.194,12831,42.219.152.246,22,TCP,2016-11-04 06:04:48
78,512,38,0.7854216007981449,42.219.152.246,8054,129.38.159.33,12834,TCP,2016-11-04 06:06:06
144,42,1,22.757732033729553,116.234.37.219,6800,42.219.152.246,443,TCP,2016-11-04 06:08:30
14,79,1,9.580611683428288,42.219.152.246,80,124.229.35.215,51788,TCP,2016-11-04 06:08:44
98,56,4,0.7561438854318112,42.219.152.246,5049,23.125.73.136,12900,TCP,2016-11-04 06:10:22
104,54,6,0.8424710982944816,68.220.78.157,6756,42.219.152.246,3495,TCP,2016-11-04 06:12:06
55,102,64,17.971435703337193,164.5.39.219,53,42.219.152.246,80,TCP,2016-11-04 06:13:01
112,135,34,0.8145595241803676,146.59.233.197,6796,42.219.152.246,161,TCP,2016-11-04 06:14:53
139,93,7,0.7821491668000817,188.219.88.147,51654,42.219.152.246,110,TCP,2016-11-04 06:17:12
144,72,1,2.6134201018139716,42.219.152.246,161,220.228.99.209,5147,TCP,2016-11-04 06:19:36
31,579,1,2.557399013545364,123.222.76.21,19959,42.219.152.246,80,TCP,2016-11-04 06:20:07
32,2091,1,12.247443817555904,42.219.152.246,23,207.149.183.123,6756,TCP,2016-11-04 06:20:39
67,54,1,2.5468686372041702,66.166.89.159,54733,42.219.152.246,22,TCP,2016-11-04 06:21:46
38,720,6,0.8008446965832263,42.219.152.246,3498,100.246.140.198,5108,TCP,2016-11-04 06:22:24
141,2556,2,0.8006525882519782,27.126.119.106,12843,42.219.152.246,161,TCP,2016-11-04 06:24:45
36,65,33,0.801341406069696,83.147.36.27,123,42.219.152.246,8101,TCP,2016-11-04 06:25:21
74,2253,1,5.550698507577182,184.12.26.12,5059,42.219.152.246,3467,TCP,2016-11-04 06:26:35
7,418,5,0.7947099921293557,154.215.173.226,5139,42.219.152.246,5053,TCP,2016-11-04 06:26:42
50,57,1,0.7509345633443445,42.219.152.246,161,225.8.146.137,53,TCP,2016-11-04 06:27:32
94,593,1,0.7633898262865841,169.17.139.148,53,42.219.152.246,80,TCP,2016-11-04 06:29:06
83,121,121,0.7889058357104659,42.219.152.246,8090,214.211.71.210,19969,TCP,2016-11-04 06:30:29
51,642,15,4.350894165225326,130.37.35.91,6816,42.219.152.246,22,TCP,2016-11-04 06:31:20
38,659,6,9.61647213064134,12.57.135.202,123,42.219.152.246,8116,TCP,2016-11-04 06:31:58
64,36,1,17.22823728248477,220.189.230.66,123,42.219.152.246,3442,TCP,2016-11-04 06:33:02
184,643,1,0.7925935043022037,42.219.152.246,22,215.38.46.190,18400,TCP,2016-11-04 06:36:06
128,66,62,38.164267793297775,42.219.152.246,1916,36.207.104.177,15251,TCP,2016-11-04 06:38:14
50,118,1,2.617549628019333,42.219.152.246,5110,122.107.101.97,3423,TCP,2016-11-04 06:39:04
4,482,47,0.8034591616597027,197.210.173.214,53,42.219.152.246,80,TCP,2016-11-04 06:39:08
122,1360,140,0.7168794104363769,42.219.152.246,5077,165.52.107.170,12881,TCP,2016-11-04 06:41:10
95,684,1,2.599830529186874,206.196.80.117,25,42.219.152.246,80,TCP,2016-11-04 06:42:45
78,538,1,27.50979944318533,130.53.73.136,5099,42.219.152.246,5066,TCP,2016-11-04 06:44:03
21,466,5,0.7764060320332646,42.219.152.246,3520,147.41.38.101,12915,TCP,2016-11-04 06:44:24
5,438,6,0.7458067161496729,21.216.238.23,18418,42.219.152.246,3507,TCP,2016-11-04 06:44:29
204,623,56,0.8979248204268515,211.201.5.68,123,42.219.152.246,443,TCP,2016-11-04 06:47:53
104,427,24,0.819495516596362,78.197.13.199,53,42.219.152.246,80,TCP,2016-11-04 06:49:37
149,639,3,0.72271957132034,24.10.164.92,57498,42.219.152.246,161,TCP,2016-11-04 06:52:06
65,75,9,9.177170326933263,140.57.230.83,5137,42.219.152.246,110,TCP,2016-11-04 06:53:11
185,582,21,2.6402123258449137,64.51.128.130,5149,42.219.152.246,5079,TCP,2016-11-04 06:56:16
122,546,6,12.002708114683628,42.219.152.246,5070,157.36.178.90,6819,TCP,2016-11-04 06:58:18
37,8268,1,2.5114434552378957,102.68.153.57,443,42.219.152.246,8074,TCP,2016-11-04 06:58:55
65,100,1,15.308218214660885,59.83.44.61,45707,42.219.152.246,80,TCP,2016-11-04 07:00:00
194,95,1,0.814653338631615,157.239.167.147,12840,42.219.152.246,443,TCP,2016-11-04 07:03:14
45,1610,1,0.7590801087208092,147.197.74.245,34848,42.219.152.246,443,TCP,2016-11-04 07:03:59
63,632,5,0.7676004893146455,42.219.152.246,161,139.59.39.33,12830,TCP,2016-11-04 07:05:02
87,43,1,0.7778234754223377,155.149.84.96,5133,42.219.152.246,55519,TCP,2016-11-04 07:06:29
17,42,106,25.60142891854048,42.219.152.246,3511,74.99.7.88,123,TCP,2016-11-04 07:06:46
123,455,19,0.7970904281828552,139.253.37.50,6795,42.219.152.246,22,TCP,2016-11-04 07:08:49
16,471,30,0.7782971116248518,42.219.152.246,3471,16.138.163.33,20015,TCP,2016-11-04 07:09:05
115,590,18,5.300436034798622,80.92.68.223,123,42.219.152.246,8098,TCP,2016-11-04 07:11:00
118,89,1,14.2383845821023,167.158.117.190,18422,42.219.152.246,443,TCP,2016-11-04 07:12:58
77,496,6,24.22324696183205,42.219.152.246,5122,119.215.131.33,6787,TCP,2016-11-04 07:14:15
10,23585,9,0.7338988732080907,42.219.152.246,80,151.235.40.33,123,UDP,2016-11-04 07:14:25
115,71,1,16.079983558505777,42.219.152.246,80,129.56.232.125,53,TCP,2016-11-04 07:16:20
155,37,2,2.5869703427888453,42.219.152.246,8097,130.218.81.43,123,TCP,2016-11-04 07:18:55
83,800,1,0.7629722252022475,242.12.124.116,53,42.219.152.246,5024,TCP,2016-11-04 07:20:18
53,486,22,5.547569330781698,80.62.126.224,6802,42.219.152.246,3469,TCP,2016-11-04 07:21:11
92,505,1,5.827445391565561,154.188.45.148,6740,42.219.152.246,3517,TCP,2016-11-04 07:22:43
45,448,29,2.6397481556050484,42.219.152.246,3456,75.209.232.244,123,TCP,2016-11-04 07:23:28
166,547,24,0.7253530528396368,138.153.49.107,12872,42.219.152.246,161,TCP,2016-11-04 07:26:14
38,610,5,0.7350369016639888,42.219.152.246,80,153.8.157.147,6756,TCP,2016-11-04 07:26:52
165,58,6,249.18431586027145,42.219.152.246,5104,180.233.30.126,40318,TCP,2016-11-04 07:29:37
469,464,1,2.422754484694451,42.219.152.246,3234,246.183.72.158,36101,TCP,2016-11-04 07:37:26
235,37,5,0.7667074771597981,140.205.111.253,5165,42.219.152.246,161,TCP,2016-11-04 07:41:21
350,34,5,2.5440251296386123,139.232.231.233,51152,42.219.152.246,8055,TCP,2016-11-04 07:47:11
100,562,1,0.6890859073027968,139.134.108.106,15233,42.219.152.246,161,TCP,2016-11-04 07:48:51
59,401,5,9.313173897564413,144.31.78.224,25,42.219.152.246,80,TCP,2016-11-04 07:49:50
4,463,73,0.7255809120833874,42.219.152.246,5033,238.33.130.139,6728,TCP,2016-11-04 07:49:54
64,122,1,20.07927569746971,42.219.152.246,3469,159.58.68.144,6738,TCP,2016-11-04 07:50:58
30,112,94,0.7769947811029851,126.202.34.204,15276,42.219.152.246,443,TCP,2016-11-04 07:51:28
81,48,115,0.782482250360772,214.100.171.81,38528,42.219.152.246,161,TCP,2016-11-04 07:52:49
53,51,1,24.63409949094057,15.56.227.43,25,42.219.152.246,80,TCP,2016-11-04 07:53:42
37,473,28,0.8483846203889698,196.73.136.77,123,42.219.152.246,80,TCP,2016-11-04 07:54:19
75,159,1,0.7865775469690561,144.232.121.143,123,42.219.152.246,3450,TCP,2016-11-04 07:55:34
38,85,812,6.0028050541877755,150.62.41.64,5047,42.219.152.246,80,TCP,2016-11-04 07:56:12
63,447,5,0.7254953803494573,220.36.117.179,5199,42.219.152.246,22,TCP,2016-11-04 07:57:15
99,32,6,2.6111273104324937,232.86.104.52,6733,42.219.152.246,5065,TCP,2016-11-04 07:58:54
18,569,33,0.8470004769042134,21.69.58.161,12825,42.219.152.246,3495,TCP,2016-11-04 07:59:12
2,560,6,2.5484098987653847,118.171.44.252,34884,42.219.152.246,80,TCP,2016-11-04 07:59:14
115,35,2,21.953199584037066,133.213.82.161,12850,42.219.152.246,3522,TCP,2016-11-04 08:01:09
4,143,81,5.655595234595238,42.219.152.246,80,42.13.113.189,6006,TCP,2016-11-04 08:01:13
79,561,6,25.197229608893394,42.219.152.246,443,122.205.29.101,123,TCP,2016-11-04 08:02:32
27,535,1,32.1409892141819,42.219.152.246,5118,158.89.237.210,25,TCP,2016-11-04 08:02:59
139,440,5,17.852549973875284,185.181.97.33,6798,42.219.152.246,445,TCP,2016-11-04 08:05:18
27,49,22,0.6953090593451634,220.25.30.220,15236,42.219.152.246,3444,TCP,2016-11-04 08:05:45
33,657,476,0.7444503789301962,42.219.152.246,80,215.20.131.236,12853,TCP,2016-11-04 08:06:18
234,34,275,166.45860698819158,42.219.152.246,443,137.43.140.144,6822,TCP,2016-11-04 08:10:12
53,70,14,0.805558830499649,159.9.142.155,12904,42.219.152.246,22,TCP,2016-11-04 08:11:05
126,40,1,0.8043097460176796,130.72.136.209,123,42.219.152.246,3444,TCP,2016-11-04 08:13:11
158,551,1,19.719187773764133,198.230.147.170,5026,42.219.152.246,80,TCP,2016-11-04 08:15:49
133,1352,767,0.8278100970201194,85.11.107.226,2913,42.219.152.246,110,TCP,2016-11-04 08:18:02
42,562,1,25.118986666202545,42.219.152.246,161,52.229.35.114,6809,TCP,2016-11-04 08:18:44
140,35,1,17.229812689125538,110.246.79.209,443,42.219.152.246,80,TCP,2016-11-04 08:21:04
184,52,28,14.763315483927727,217.226.54.187,12827,42.219.152.246,5076,TCP,2016-11-04 08:24:08
22,418,17,19.979961521923546,137.120.35.132,5205,42.219.152.246,80,TCP,2016-11-04 08:24:30
52,105,1,19.38153959065676,52.240.73.66,6754,42.219.152.246,3403,TCP,2016-11-04 08:25:22
24,97,13,0.8047762827482074,216.9.231.47,45681,42.219.152.246,80,TCP,2016-11-04 08:25:46
23,109,51,0.7622216250747442,42.219.152.246,22,141.85.149.90,80,TCP,2016-11-04 08:26:09
623,48,1,0.7159372090827674,218.84.188.201,6821,42.219.152.246,3518,TCP,2016-11-04 08:36:32
20,35,1,2.5144314877688885,42.219.152.246,80,135.234.30.126,12869,TCP,2016-11-04 08:36:52
40,688,1,14.398183554410934,42.219.152.246,443,71.76.168.139,12907,TCP,2016-11-04 08:37:32
15,520,1,0.7634127305354923,42.219.152.246,5084,128.217.117.202,34667,TCP,2016-11-04 08:37:47
184,549,6,10.204990636557339,42.219.152.246,80,60.76.42.128,53,TCP,2016-11-04 08:40:51
174,573,9,15.131411612033846,42.219.152.246,80,63.17.36.164,999,TCP,2016-11-04 08:43:45
81,640,220,0.7912233062088491,42.219.152.246,161,163.140.44.33,12883,TCP,2016-11-04 08:45:06
8,455,11,0.7770779463462532,147.41.116.204,53,42.219.152.246,3139,TCP,2016-11-04 08:45:14
411,63,149,7.717923218384385,220.236.62.39,19932,42.219.152.246,445,TCP,2016-11-04 08:52:05
12,593,1,0.7757702912203968,42.219.152.246,7104,17.11.203.158,12841,TCP,2016-11-04 08:52:17
111,469,3,76.61502429842949,189.201.204.165,12827,42.219.152.246,80,TCP,2016-11-04 08:54:08
155,561,5,7.278841160237789,84.182.79.164,41466,42.219.152.246,3486,TCP,2016-11-04 08:56:43
6,571,6,20.820689108222727,116.101.142.228,5070,42.219.152.246,5116,TCP,2016-11-04 08:56:49
197,621,2,2.5651607648469508,42.219.152.246,80,167.63.78.183,5059,TCP,2016-11-04 09:00:06
15,577,6,0.7451460426673293,130.179.93.156,123,42.219.152.246,5034,TCP,2016-11-04 09:00:21
1,662,17,0.7038115644827485,42.219.152.246,445,236.234.180.236,50844,TCP,2016-11-04 09:00:22
184,591,1,13.480307020246984,181.199.91.200,12842,42.219.152.246,443,TCP,2016-11-04 09:03:26
19,417,65,0.718422784935683,144.77.135.205,60360,42.219.152.246,445,TCP,2016-11-04 09:03:45
172,122,1,2.5214454280212517,42.219.152.246,5989,73.79.106.33,123,TCP,2016-11-04 09:06:37
39,478,2,0.8515934126917273,115.8.99.224,41524,42.219.152.246,161,TCP,2016-11-04 09:07:16
133,586,27,0.8048427135217935,156.125.205.60,6815,42.219.152.246,8075,TCP,2016-11-04 09:09:29
81,115,153,0.7460058394353837,42.219.152.246,161,61.105.156.109,15301,TCP,2016-11-04 09:10:50
186,822,1,7.080453515052795,42.219.152.246,5072,57.71.121.151,1785,TCP,2016-11-04 09:13:56
100,29,1,2.4459939301013947,160.119.122.122,15321,42.219.152.246,80,TCP,2016-11-04 09:15:36
160,1040,153,0.7468215180560946,20.135.27.208,5223,42.219.152.246,22,TCP,2016-11-04 09:18:16
148,97,1035,0.7846560410689563,42.219.152.246,80,124.234.231.99,80,TCP,2016-11-04 09:20:44
5,113,3,0.8007704901974648,88.210.27.114,25,42.219.152.246,5052,TCP,2016-11-04 09:20:49
35,589,500,23.45154382288456,150.236.105.171,5203,42.219.152.246,23,UDP,2016-11-04 09:21:24
139,1537,10,0.7497070308309048,155.50.91.70,6815,42.219.152.246,80,TCP,2016-11-04 09:23:43
5,779,1,13.75554746389389,42.219.152.246,22,33.36.77.147,123,TCP,2016-11-04 09:23:48
59,660,1,2.5923843663185835,114.177.81.192,6779,42.219.152.246,5082,TCP,2016-11-04 09:24:47
24,56,1,19.720227677375078,42.219.152.246,80,123.42.151.80,25,TCP,2016-11-04 09:25:11
5,23,11,0.7923870279919356,42.219.152.246,161,100.97.105.193,6801,TCP,2016-11-04 09:25:16
209,524,1,20.009174834936854,104.254.30.99,33387,42.219.152.246,1672,TCP,2016-11-04 09:28:45
7,24,2,54.92352747917175,19.14.25.223,123,42.219.152.246,161,TCP,2016-11-04 09:28:52
167,779,5,0.7093787337653339,0.81.33.182,6799,42.219.152.246,80,TCP,2016-11-04 09:31:39
35,90,1268,0.7605301758740097,108.195.152.33,6743,42.219.152.246,3517,TCP,2016-11-04 09:32:14
66,592,1,0.7583218174986541,42.219.152.246,80,14.69.106.163,5114,UDP,2016-11-04 09:33:20
89,997,1,0.8001863895915449,42.219.152.246,5037,138.114.38.138,5168,TCP,2016-11-04 09:34:49
125,535,1,0.7674125223420559,18.74.65.152,6785,42.219.152.246,8094,TCP,2016-11-04 09:36:54
28,22998,8,0.853141182102263,125.238.70.152,12860,42.219.152.246,443,TCP,2016-11-04 09:37:22
28,575,6,0.8055264602880925,42.219.152.246,3509,101.247.98.132,6759,TCP,2016-11-04 09:37:50
4,14468,112,0.7331645849626511,101.152.146.90,20023,42.219.152.246,8067,TCP,2016-11-04 09:37:54
32,46,1,0.795147032244131,42.219.152.246,5088,159.90.102.240,25,TCP,2016-11-04 09:38:26
121,46,3337,2.6253120554611087,148.55.39.161,12891,42.219.152.246,80,TCP,2016-11-04 09:40:27
86,74,14,0.8136257745791227,26.16.46.175,6747,42.219.152.246,5027,TCP,2016-11-04 09:41:53
212,568,2,0.7434030377771705,193.147.165.33,19960,42.219.152.246,5034,TCP,2016-11-04 09:45:25
5,660,2,6.21122932434082,185.38.196.235,5199,42.219.152.246,23,TCP,2016-11-04 09:45:30
15,652,82,0.7393056282307953,221.62.34.235,12906,42.219.152.246,5058,TCP,2016-11-04 09:45:45
33,37,1,0.8282915933523327,140.210.166.223,6751,42.219.152.246,161,TCP,2016-11-04 09:46:18
21,693,4,22.47565446048975,86.5.55.119,58361,42.219.152.246,5028,TCP,2016-11-04 09:46:39
154,38632,5,0.7498438647016883,42.219.152.246,3436,21.115.168.147,6785,TCP,2016-11-04 09:49:13
148,534,43,0.7977544823661447,42.219.152.246,3456,166.236.153.202,6731,TCP,2016-11-04 09:51:41
258,3940,1,8.036886267364025,42.219.152.246,3486,223.225.27.113,30922,TCP,2016-11-04 09:55:59
31,549,10,0.6955479058669879,42.219.152.246,5086,67.70.101.33,6738,TCP,2016-11-04 09:56:30
112,72,1461,2.492068151012063,42.219.152.246,123,131.62.82.243,12907,TCP,2016-11-04 09:58:22
177,516,5,0.7569413927849382,42.219.152.246,5062,28.157.119.182,19988,TCP,2016-11-04 10:01:19
132,758,1,19.43058003857732,42.219.152.246,22,87.122.144.116,6746,TCP,2016-11-04 10:03:31
133,517,101,0.7522363867610693,42.219.152.246,161,96.73.249.100,41439,TCP,2016-11-04 10:05:44
122,66,41,2.5835477211512625,98.94.31.106,19959,42.219.152.246,161,TCP,2016-11-04 10:07:46
126,422,5,0.7800457791890949,42.219.152.246,443,226.75.221.118,5125,TCP,2016-11-04 10:09:52
4,138,63,0.8577896459028125,115.195.109.200,6756,42.219.152.246,161,TCP,2016-11-04 10:09:56
153,555,5,0.8036332677584141,42.219.152.246,80,196.239.147.75,6820,TCP,2016-11-04 10:12:29
169,104,5,2.648397171869874,42.219.152.246,80,100.208.123.141,58100,TCP,2016-11-04 10:15:18
113,474,81,0.73500841925852,140.241.80.142,6796,42.219.152.246,3432,TCP,2016-11-04 10:17:11
226,19383,1,0.7639453599695116,42.219.152.246,3456,237.220.73.162,53631,TCP,2016-11-04 10:20:57
107,473,1,0.815000367583707,42.219.152.246,3424,50.46.116.141,12846,TCP,2016-11-04 10:22:44
32,509,1,24.103727012872696,17.44.82.33,123,42.219.152.246,3451,TCP,2016-11-04 10:23:16
215,615,15,0.777095441473648,213.95.145.137,4454,42.219.152.246,5115,TCP,2016-11-04 10:26:51
332,546,17,0.7164564002305269,42.219.152.246,443,118.218.108.100,6806,TCP,2016-11-04 10:32:23
221,42068,15,21.8544533662498,104.74.147.150,12910,42.219.152.246,22,TCP,2016-11-04 10:36:04
117,25,1,5.138957530260086,177.9.104.60,123,42.219.152.246,445,TCP,2016-11-04 10:38:01
26,71,37,0.7433174215257168,42.219.152.246,5052,108.238.211.14,12893,TCP,2016-11-04 10:38:27
92,528,5,9.873994996771216,211.75.32.243,12866,42.219.152.246,80,TCP,2016-11-04 10:39:59
165,476,4,0.7601494244299829,19.231.86.179,6797,42.219.152.246,3513,TCP,2016-11-04 10:42:44
81,546,1,18.492422003299,42.219.152.246,161,240.237.190.125,58118,TCP,2016-11-04 10:44:05
38,508,7,2.533007932361216,42.219.152.246,80,156.234.89.225,5207,UDP,2016-11-04 10:44:43
55,649,2,0.8229227021802217,42.219.152.246,3146,150.237.218.95,5088,TCP,2016-11-04 10:45:38
36,425,2,2.568716417066753,42.219.152.246,3444,203.79.59.117,12909,TCP,2016-11-04 10:46:14
93,888,9,190.69961750507355,42.219.152.246,5054,172.83.39.125,46203,TCP,2016-11-04 10:47:47
94,1101,77,2.5519728194922204,42.219.152.246,5068,16.66.94.209,5513,TCP,2016-11-04 10:49:21
32,492,1,30.701984390616413,42.219.152.246,3433,164.232.163.194,34911,TCP,2016-11-04 10:49:53
65,41,6,156.4458470642567,88.171.34.149,57425,42.219.152.246,8054,TCP,2016-11-04 10:50:58
160,513,7,18.483066927641627,81.82.110.156,6763,42.219.152.246,80,TCP,2016-11-04 10:53:38
156,57,1,7.660150419920683,225.123.91.162,34878,42.219.152.246,3500,TCP,2016-11-04 10:56:14
14,553,26,0.7629296283703297,137.205.159.254,25,42.219.152.246,22,TCP,2016-11-04 10:56:28
72,1068,324,0.6542198510142043,168.7.106.243,19990,42.219.152.246,80,TCP,2016-11-04 10:57:40
189,550,1,0.7193000768311322,42.219.152.246,80,202.46.112.174,5071,TCP,2016-11-04 11:00:49
121,71304,1,0.7504314305260777,24.63.104.161,6821,42.219.152.246,80,TCP,2016-11-04 11:02:50
45,106,1,10.210923766717316,26.59.64.146,80,42.219.152.246,80,TCP,2016-11-04 11:03:35
204,116,12,8.499247832223773,42.219.152.246,3447,143.160.27.169,6760,TCP,2016-11-04 11:06:59
110,506,66,0.7479439107701182,42.219.152.246,5062,111.19.41.115,6734,TCP,2016-11-04 11:08:49
24,638,1,0.7416616387199609,193.38.70.202,6755,42.219.152.246,21,TCP,2016-11-04 11:09:13
69,1383,1,0.7680966071784496,42.219.152.246,3322,164.87.93.91,6803,TCP,2016-11-04 11:10:22
24,530,1,0.7784859237726778,224.187.145.116,6775,42.219.152.246,5112,TCP,2016-11-04 11:10:46
36,568,128,0.7984531887341291,136.88.138.128,6724,42.219.152.246,5103,TCP,2016-11-04 11:11:22
172,517,5,0.8056701400782913,42.219.152.246,3427,149.56.6.74,6790,TCP,2016-11-04 11:14:14
303,12491,1,2.5248312000185247,198.94.86.151,34916,42.219.152.246,80,TCP,2016-11-04 11:19:17
127,60,36,22.39991594105959,191.8.33.33,12890,42.219.152.246,3488,TCP,2016-11-04 11:21:24
142,626,811,2.5731172445230186,224.225.208.65,12834,42.219.152.246,5067,TCP,2016-11-04 11:23:46
63,577,17,4.969124637544155,194.218.27.97,123,42.219.152.246,23,TCP,2016-11-04 11:24:49
77,553,6,0.7301828912459314,42.226.141.106,25,42.219.152.246,22,TCP,2016-11-04 11:26:06
87,509,1,0.8560495991259813,42.219.152.246,80,188.221.151.181,25,TCP,2016-11-04 11:27:33
64,45,1,13.61790695786476,42.219.152.246,80,143.242.63.65,51157,TCP,2016-11-04 11:28:37
71,419,5,15.711598042398693,244.225.79.118,50882,42.219.152.246,80,TCP,2016-11-04 11:29:48
8,516,1,16.349666129797694,150.233.78.119,5223,42.219.152.246,3461,TCP,2016-11-04 11:29:56
31,514,47,0.7592994316946715,23.242.129.23,5160,42.219.152.246,80,TCP,2016-11-04 11:30:27
150,119,2,0.8367698842193931,185.72.94.219,5132,42.219.152.246,80,TCP,2016-11-04 11:32:57
92,105,18,0.8461317212786525,42.219.152.246,5035,248.11.124.154,20017,TCP,2016-11-04 11:34:29
5,447,2,14.53094232827425,145.230.32.204,33623,42.219.152.246,110,UDP,2016-11-04 11:34:34
113,529,1,0.7836429295130074,70.94.169.121,19983,42.219.152.246,443,TCP,2016-11-04 11:36:27
81,707,49,23.307342052459717,42.219.152.246,443,27.76.135.40,19994,TCP,2016-11-04 11:37:48
271,853,6,2.6080097970552742,18.106.231.144,12866,42.219.152.246,80,TCP,2016-11-04 11:42:19
65,1592,3,0.7710346898529679,217.240.30.103,34913,42.219.152.246,3517,TCP,2016-11-04 11:43:24
204,601,172,4.798389097675682,109.57.151.144,6807,42.219.152.246,161,TCP,2016-11-04 11:46:48
18,540,1,0.7777858651243149,42.219.152.246,80,249.228.65.86,6762,TCP,2016-11-04 11:47:06
93,49,6,5.580439886078239,8.216.124.45,6745,42.219.152.246,80,TCP,2016-11-04 11:48:39
75,570,6,2.4864932061173017,42.219.152.246,110,115.66.4.124,12840,TCP,2016-11-04 11:49:54
5,51,225,0.8276499363128096,42.219.152.246,445,120.244.135.204,5097,TCP,2016-11-04 11:49:59
88,159,5,13.101821321994064,42.219.152.246,80,230.13.69.152,12911,TCP,2016-11-04 11:51:27
68,639,100,0.8188263068441302,153.158.116.85,12881,42.219.152.246,8036,TCP,2016-11-04 11:52:35
95,45,5,0.7928675101138651,42.219.152.246,161,17.99.55.175,50481,UDP,2016-11-04 11:54:10
32,100,3,11.96784632652998,42.219.152.246,161,105.11.193.154,12885,TCP,2016-11-04 11:54:42
28,54,12,0.825618895702064,42.219.152.246,3446,185.86.96.157,6738,TCP,2016-11-04 11:55:10
3,584,30,255.25917041301727,42.219.152.246,80,211.232.128.208,6742,TCP,2016-11-04 11:55:13
521,595,389,0.7840350063052028,42.219.152.246,5107,99.77.97.172,6781,TCP,2016-11-04 12:03:54
129,559,1153,0.8603593166917562,199.228.91.102,53,42.219.152.246,443,TCP,2016-11-04 12:06:03
31,623,1,0.8226629798300564,133.57.74.33,3219,42.219.152.246,80,TCP,2016-11-04 12:06:34
103,692,36,0.8707116991281509,42.219.152.246,80,19.231.150.33,443,TCP,2016-11-04 12:08:17
138,465,6,0.8002890783827752,42.219.152.246,5029,26.149.83.165,12826,TCP,2016-11-04 12:10:35
146,617,4,23.73857615143061,42.219.152.246,3446,107.121.152.137,25,TCP,2016-11-04 12:13:01
80,82,1,0.8126329472288489,168.15.62.218,123,42.219.152.246,161,TCP,2016-11-04 12:14:21
82,131,230,0.7707691357936709,127.38.129.161,12850,42.219.152.246,1833,TCP,2016-11-04 12:15:43
176,544,5,0.7798045661766082,175.12.206.138,6754,42.219.152.246,5037,TCP,2016-11-04 12:18:39
161,526,1,0.8298260089941323,130.12.202.132,6744,42.219.152.246,80,TCP,2016-11-04 12:21:20
54,54,1,0.7765598539263009,138.233.104.33,3222,42.219.152.246,3432,TCP,2016-11-04 12:22:14
101,77,17,2.553257147781551,42.219.152.246,80,223.83.133.220,35137,TCP,2016-11-04 12:23:55
154,500,124,0.8151493719778955,42.219.152.246,5032,72.242.112.162,25,TCP,2016-11-04 12:26:29
183,46,59,0.8259779261425138,42.219.152.246,80,245.68.88.244,12880,TCP,2016-11-04 12:29:32
102,135,6,0.8324973543640226,42.219.152.246,161,21.55.105.210,19988,TCP,2016-11-04 12:31:14
176,51,1,2.583516787737608,42.219.152.246,5050,153.101.105.33,6782,TCP,2016-11-04 12:34:10
105,1055,5,0.8538495234679431,126.224.36.119,3193,42.219.152.246,3501,TCP,2016-11-04 12:35:55
17,50,57,0.8154235468246043,42.219.152.246,5032,207.80.172.128,6785,TCP,2016-11-04 12:36:12
101,669,1,0.8477134667336941,42.219.152.246,23,144.136.132.138,123,TCP,2016-11-04 12:37:53
135,60,1,0.7718271261546761,131.251.136.101,12854,42.219.152.246,80,TCP,2016-11-04 12:40:08
204,108,7,0.7309688196983188,21.221.27.91,123,42.219.152.246,80,TCP,2016-11-04 12:43:32
285,579,9,0.853353152051568,169.69.119.134,6724,42.219.152.246,80,TCP,2016-11-04 12:48:17
131,674,1,0.8093890801537782,82.221.7.159,5189,42.219.152.246,443,TCP,2016-11-04 12:50:28
99,59,218,0.7492128568701446,156.93.75.205,12881,42.219.152.246,3482,TCP,2016-11-04 12:52:07
9,709,1,233.9187580347061,42.219.152.246,5095,247.85.124.106,12847,TCP,2016-11-04 12:52:16
170,655,5,14.82963266596198,149.14.114.171,6738,42.219.152.246,5026,TCP,2016-11-04 12:55:06
100,1314,46,0.7435135866981,24.35.117.180,53,42.219.152.246,80,TCP,2016-11-04 12:56:46
25,35,1,0.8112329989671707,74.119.103.224,19936,42.219.152.246,3435,TCP,2016-11-04 12:57:11
180,123,5,0.7214743746444583,121.99.110.97,45637,42.219.152.246,443,TCP,2016-11-04 13:00:11
166,55,1,21.52487153559923,245.162.232.201,80,42.219.152.246,80,TCP,2016-11-04 13:02:57
185,93,7,0.7133837656583637,42.219.152.246,80,123.89.125.100,12875,TCP,2016-11-04 13:06:02
98,839,236,0.8083390344399959,135.10.85.202,123,42.219.152.246,8088,TCP,2016-11-04 13:07:40
120,286,1,2.5086134704761207,122.217.88.208,6745,42.219.152.246,3437,TCP,2016-11-04 13:09:40
99,449,1,6.621065614745022,42.219.152.246,80,245.228.85.110,6810,TCP,2016-11-04 13:11:19
44,103,19,0.8541713661979884,42.219.152.246,8065,188.129.242.173,19988,TCP,2016-11-04 13:12:03
28,54,1,2.505454881582409,21.202.68.88,5044,42.219.152.246,161,TCP,2016-11-04 13:12:31
168,497,1,6.885965846478939,42.219.152.246,80,130.53.137.139,12830,TCP,2016-11-04 13:15:19
71,97,4,0.8515601127874106,42.219.152.246,3498,238.242.122.148,5119,TCP,2016-11-04 13:16:30
120,36,1,0.6945593043928966,128.16.31.167,6799,42.219.152.246,443,TCP,2016-11-04 13:18:30
56,105,430,4.4739533700048915,16.10.113.5,21434,42.219.152.246,80,TCP,2016-11-04 13:19:26
27,26,218,0.8066208777017891,21.68.73.136,5063,42.219.152.246,23,TCP,2016-11-04 13:19:53
44,477,59,0.6894034396391362,136.10.93.127,6786,42.219.152.246,5037,TCP,2016-11-04 13:20:37
119,575,2,0.7847594060003757,42.219.152.246,5049,174.40.221.232,6737,TCP,2016-11-04 13:22:36
65,617,16,0.7891851661261171,42.219.152.246,5053,136.38.113.80,12904,TCP,2016-11-04 13:23:41
158,569,1,0.7551243505440652,42.219.152.246,3445,196.104.29.150,6818,TCP,2016-11-04 13:26:19
315,81,5,0.7279299076180905,30.221.138.155,57778,42.219.152.246,443,TCP,2016-11-04 13:31:34
39,1060,36,0.8867680002003908,205.230.27.139,6735,42.219.152.246,445,TCP,2016-11-04 13:32:13
55,35,1,6.186463661491871,42.219.152.246,3507,236.23.154.209,6759,TCP,2016-11-04 13:33:08
42,618,2,8.457903211936356,213.112.116.106,19924,42.219.152.246,7066,TCP,2016-11-04 13:33:50
99,523,2,8.053341491147876,42.219.152.246,8029,167.185.155.95,20010,TCP,2016-11-04 13:35:29
15,79,31,0.7820172349456698,214.167.137.237,34837,42.219.152.246,3487,TCP,2016-11-04 13:35:44
3,2059,5,6.0048388838768005,42.219.152.246,161,128.111.104.164,19982,TCP,2016-11-04 13:35:47
441,552,5,0.7714762093964964,138.77.32.181,32920,42.219.152.246,5068,TCP,2016-11-04 13:43:08
97,481,4,2.5855489270761614,42.219.152.246,8031,93.233.230.224,4439,TCP,2016-11-04 13:44:45
4,102,2,11.047140821814537,42.219.152.246,3474,4.98.35.89,6807,TCP,2016-11-04 13:44:49
168,456,1,0.7592905573546886,104.87.139.89,6791,42.219.152.246,3477,TCP,2016-11-04 13:47:37
137,56,49,19.278328143060207,42.219.152.246,5099,45.219.88.91,25,TCP,2016-11-04 13:49:54
33,623,2,2.8499217694625263,42.219.152.246,8120,130.203.38.123,6813,TCP,2016-11-04 13:50:27
318,124,21,2.5395953971892595,29.210.177.195,12904,42.219.152.246,80,TCP,2016-11-04 13:55:45
182,64,5,0.8011705961544067,219.215.108.234,34830,42.219.152.246,80,TCP,2016-11-04 13:58:47
166,818,6,0.7527060506399721,194.106.44.168,5049,42.219.152.246,3452,TCP,2016-11-04 14:01:33
49,753,4,19.96309858560562,42.219.152.246,161,145.238.71.131,43581,TCP,2016-11-04 14:02:22
5,24,407,6.156946761533617,42.219.152.246,3474,18.105.39.133,19943,TCP,2016-11-04 14:02:27
136,52,1,9.849969707429407,126.81.39.208,19935,42.219.152.246,80,TCP,2016-11-04 14:04:43
90,630,27,0.7319566605146974,238.242.216.249,5133,42.219.152.246,5057,TCP,2016-11-04 14:06:13
14,104,1,17.321343138813972,42.219.152.246,80,82.97.33.142,34861,TCP,2016-11-04 14:06:27
222,128,1,307.1175218224525,231.234.71.156,64311,42.219.152.246,80,TCP,2016-11-04 14:10:09
91,499,1,6.952235698699951,24.92.180.149,12840,42.219.152.246,23,TCP,2016-11-04 14:11:40
138,66,147,24.97714056819677,60.190.169.33,443,42.219.152.246,80,TCP,2016-11-04 14:13:58
67,645,1,0.8176241295877844,42.219.152.246,80,146.246.181.236,34827,TCP,2016-11-04 14:15:05
104,668,6,35.7215436771512,146.223.128.143,12875,42.219.152.246,110,TCP,2016-11-04 14:16:49
96,318,5,0.7343602543696761,42.219.152.246,80,247.68.157.135,123,TCP,2016-11-04 14:18:25
33,30,6,0.7921549428720027,42.240.232.231,34196,42.219.152.246,80,TCP,2016-11-04 14:18:58
69,574,1,2.5614059893414383,78.249.62.120,5056,42.219.152.246,3487,TCP,2016-11-04 14:20:07
26,1334,1,0.8462242679670453,129.217.231.158,12921,42.219.152.246,80,TCP,2016-11-04 14:20:33
49,549,1,22.488617420196533,169.212.5.174,12824,42.219.152.246,5056,TCP,2016-11-04 14:21:22
74,680,2,2.6598344212397933,113.69.231.34,80,42.219.152.246,3489,TCP,2016-11-04 14:22:36
279,575,12,23.415832802653316,210.96.38.139,6727,42.219.152.246,80,TCP,2016-11-04 14:27:15
94,495,1,0.8019843308720738,42.219.152.246,8096,198.147.73.94,123,TCP,2016-11-04 14:28:49
195,729,5,5.612884473055601,42.219.152.246,80,137.224.104.33,123,TCP,2016-11-04 14:32:04
70,113,1,0.8069226897787303,42.219.152.246,3504,144.113.65.56,5183,TCP,2016-11-04 14:33:14
39,49,2,15.581596568226814,135.97.108.129,19961,42.219.152.246,3479,TCP,2016-11-04 14:33:53
149,576,1,6.529441181570292,193.120.220.164,19943,42.219.152.246,80,TCP,2016-11-04 14:36:22
59,66,49,0.7909450745210052,11.103.31.164,34830,42.219.152.246,22,TCP,2016-11-04 14:37:21
59,104,41,15.622916847467422,113.141.76.7,41448,42.219.152.246,5080,TCP,2016-11-04 14:38:20
151,48,1,5.335748132318257,153.72.100.155,6760,42.219.152.246,80,TCP,2016-11-04 14:40:51
5,718,12,0.7866536972578615,222.127.36.227,12828,42.219.152.246,3426,TCP,2016-11-04 14:40:56
52,551,4,23.09656481444836,150.59.89.82,12871,42.219.152.246,5090,TCP,2016-11-04 14:41:48
123,483,6,209.61557507514956,103.72.45.100,6777,42.219.152.246,5065,TCP,2016-11-04 14:43:51
141,833,2,0.8474259381182492,198.67.37.46,15307,42.219.152.246,3477,TCP,2016-11-04 14:46:12
189,16,185,0.7473058879841119,139.227.29.190,6759,42.219.152.246,445,TCP,2016-11-04 14:49:21
151,80,89,65.65518128871918,42.219.152.246,80,220.210.128.143,12845,TCP,2016-11-04 14:51:52
5,552,15,0.8649525060318409,42.219.152.246,80,213.243.238.67,3196,TCP,2016-11-04 14:51:57
17,462,5,0.7974340764340013,83.238.137.102,6766,42.219.152.246,5075,TCP,2016-11-04 14:52:14
172,67,1,0.7174315634183586,146.215.145.33,123,42.219.152.246,161,TCP,2016-11-04 14:55:06
193,515,1,0.8174927048385143,42.219.152.246,1890,126.92.90.160,41619,TCP,2016-11-04 14:58:19
102,53,8,0.8173393900506198,244.96.105.33,6736,42.219.152.246,23,TCP,2016-11-04 15:00:01
185,98,1,12.011656153947115,210.5.136.202,46691,42.219.152.246,3501,TCP,2016-11-04 15:03:06
44,133,6,0.8400940429419279,128.99.26.202,53767,42.219.152.246,5052,TCP,2016-11-04 15:03:50
40,576,1,2.5943847270682454,130.48.84.221,6813,42.219.152.246,80,TCP,2016-11-04 15:04:30
41,15252,17,0.7563638000283391,20.116.114.85,5115,42.219.152.246,3513,TCP,2016-11-04 15:05:11
27,24,6,2.456725627183914,82.0.111.96,6736,42.219.152.246,5118,TCP,2016-11-04 15:05:38
449,774,1,0.7545484481379391,42.219.152.246,3455,82.14.74.148,12851,UDP,2016-11-04 15:13:07
22,1206,1,12.545582424849274,42.219.152.246,3481,117.72.160.33,12826,TCP,2016-11-04 15:13:29
13,664,76,0.8031075687613338,42.219.152.246,5107,198.251.30.194,5206,TCP,2016-11-04 15:13:42
130,604,1,0.8643018901348114,120.58.98.133,6806,42.219.152.246,5102,TCP,2016-11-04 15:15:52
48,661,1,2.5759144364856184,42.219.152.246,80,28.22.99.173,12844,TCP,2016-11-04 15:16:40
95,551,2,0.8329006719868629,42.219.152.246,5069,41.223.95.62,15271,TCP,2016-11-04 15:18:15
78,41,1,0.7875824603252113,95.94.202.190,12833,42.219.152.246,1877,TCP,2016-11-04 15:19:33
23,82,1,0.840200619539246,42.219.152.246,23,161.11.226.66,6801,TCP,2016-11-04 15:19:56
61,65,48,2.646623994223773,216.207.117.211,12844,42.219.152.246,445,TCP,2016-11-04 15:20:57
7,37,1,0.7547463036607951,42.219.152.246,80,141.235.162.213,6810,TCP,2016-11-04 15:21:04
57,625,1,0.8138900608755648,109.238.134.104,80,42.219.152.246,80,TCP,2016-11-04 15:22:01
100,49,8,0.6360741077223793,42.219.152.246,443,183.229.36.122,19930,TCP,2016-11-04 15:23:41
111,491,6,15.767706859856846,154.228.231.139,6801,42.219.152.246,5026,TCP,2016-11-04 15:25:32
229,639,118,0.6816550421062857,214.223.32.33,19967,42.219.152.246,22,TCP,2016-11-04 15:29:21
79,542,26,0.813772919587791,27.73.133.180,34841,42.219.152.246,80,TCP,2016-11-04 15:30:40
30,497,11,0.8365179374814034,42.219.152.246,110,43.78.33.93,49160,UDP,2016-11-04 15:31:10
5,526,1,2.690041322261095,231.12.120.143,34915,42.219.152.246,80,TCP,2016-11-04 15:31:15
22,626,282,0.8162460713647306,234.196.35.142,41492,42.219.152.246,123,TCP,2016-11-04 15:31:37
60,91,1,14.153733182698488,143.79.251.218,123,42.219.152.246,80,TCP,2016-11-04 15:32:37
105,44,2,0.7810184068512172,42.219.152.246,5101,170.209.140.202,51442,TCP,2016-11-04 15:34:22
109,461,84,16.092905949801207,133.70.231.81,5033,42.219.152.246,445,TCP,2016-11-04 15:36:11
120,602,59,0.870004287455231,74.218.13.100,29968,42.219.152.246,161,TCP,2016-11-04 15:38:11
174,463,1,0.8049943379592149,153.107.121.92,19981,42.219.152.246,8090,TCP,2016-11-04 15:41:05
224,505,2,0.7181604425422847,42.219.152.246,8059,131.97.41.86,6789,TCP,2016-11-04 15:44:49
196,572,4,0.8141776740085334,58.134.41.134,12826,42.219.152.246,22,TCP,2016-11-04 15:48:05
131,409,1,7.639856748282909,76.117.215.48,6750,42.219.152.246,5074,TCP,2016-11-04 15:50:16
4,519,3,0.7626919650938362,42.219.152.246,80,67.84.148.210,5102,TCP,2016-11-04 15:50:20
43,487,1,0.7138041558209807,60.219.36.175,46462,42.219.152.246,5062,TCP,2016-11-04 15:51:03
51,53,5,2.6216860846616328,67.78.36.213,25,42.219.152.246,80,TCP,2016-11-04 15:51:54
61,524,6,17.091602873057127,42.219.152.246,5108,203.235.109.104,5188,TCP,2016-11-04 15:52:55
73,150,1,20.52765941619873,21.176.195.92,53,42.219.152.246,80,UDP,2016-11-04 15:54:08
170,575,62,0.7788841703440994,42.219.152.246,80,10.217.213.58,6781,TCP,2016-11-04 15:56:58
2,127,39,0.7888525051530451,42.219.152.246,80,138.241.166.79,12885,TCP,2016-11-04 15:57:00
5,538,2,0.7725474690087141,136.42.43.53,20003,42.219.152.246,445,TCP,2016-11-04 15:57:05
10,552,20,0.7907372459303588,156.66.44.33,5033,42.219.152.246,80,TCP,2016-11-04 15:57:15
18,31,12,0.7536115713883191,202.229.29.186,6788,42.219.152.246,80,TCP,2016-11-04 15:57:33
85,50,5,0.7528898762539029,129.12.28.235,25,42.219.152.246,80,TCP,2016-11-04 15:58:58
33,102,1,22.84323401749134,82.204.45.123,123,42.219.152.246,3169,TCP,2016-11-04 15:59:31
64,647,14,0.8064905516803265,136.46.70.186,12832,42.219.152.246,5119,TCP,2016-11-04 16:00:35
96,659,1,0.7704509273171425,230.89.52.232,6811,42.219.152.246,5028,TCP,2016-11-04 16:02:11
77,19175,5,0.7600551028735936,42.219.152.246,3518,126.62.46.204,12884,TCP,2016-11-04 16:03:28
40,481,6,0.7746962425298989,193.57.250.17,41516,42.219.152.246,110,TCP,2016-11-04 16:04:08
183,82,152,0.8223941295873374,223.96.233.224,5131,42.219.152.246,443,TCP,2016-11-04 16:07:11
72,37,1,21.830858778208494,42.219.152.246,8082,18.167.155.144,48126,TCP,2016-11-04 16:08:23
68,403,1,21.57777950540185,130.247.85.163,999,42.219.152.246,80,TCP,2016-11-04 16:09:31
100,36,138,0.7692963334266096,16.232.125.152,12855,42.219.152.246,3481,TCP,2016-11-04 16:11:11
117,73,1,0.8197275171987712,75.177.43.57,6736,42.219.152.246,5076,TCP,2016-11-04 16:13:08
78,483,35,8.971896193921566,111.254.44.70,34883,42.219.152.246,80,TCP,2016-11-04 16:14:26
7,89,133,2.5417742589488626,99.220.125.162,6803,42.219.152.246,161,TCP,2016-11-04 16:14:33
237,92,6,8.155932918190956,42.219.152.246,161,126.101.139.146,6810,TCP,2016-11-04 16:18:30
36,34,5,12.928809218108654,42.219.152.246,5075,140.18.226.184,25,UDP,2016-11-04 16:19:06
77,47,13,29.77624299377203,239.181.89.44,12840,42.219.152.246,5121,TCP,2016-11-04 16:20:23
195,44,5,22.49658505618572,42.219.152.246,22,37.242.42.174,12887,TCP,2016-11-04 16:23:38
78,604,1,0.826893673511222,42.219.152.246,80,212.236.107.208,5145,TCP,2016-11-04 16:24:56
141,118,1,0.7747149209026247,168.225.127.132,6791,42.219.152.246,80,TCP,2016-11-04 16:27:17
13,77,6,6.530263368040322,142.232.142.131,6808,42.219.152.246,80,TCP,2016-11-04 16:27:30
121,460,5,2.59192188642919,42.219.152.246,161,45.181.35.161,12870,TCP,2016-11-04 16:29:31
35,80,1,2.591472929343581,224.82.137.33,6787,42.219.152.246,5025,TCP,2016-11-04 16:30:06
247,529,2,26.08690568804741,42.219.152.246,3512,153.51.100.155,5159,TCP,2016-11-04 16:34:13
121,581,1,7.971234407275915,42.219.152.246,110,206.235.71.148,123,TCP,2016-11-04 16:36:14
95,472,34,298.33576977252966,42.219.152.246,3510,114.246.75.233,51487,TCP,2016-11-04 16:37:49
29,597,1,2.4542528134770687,42.219.152.246,80,151.66.228.213,5097,TCP,2016-11-04 16:38:18
41,53,5,0.7925946030300111,42.219.152.246,110,52.199.28.111,20015,TCP,2016-11-04 16:38:59
30,608,2,21.18731801211834,213.208.136.139,53,42.219.152.246,5097,TCP,2016-11-04 16:39:29
118,40,20,3.261388571932912,145.91.112.207,6736,42.219.152.246,80,TCP,2016-11-04 16:41:27
74,585,19,0.8073044554330409,20.240.183.138,12922,42.219.152.246,80,TCP,2016-11-04 16:42:41
28,1421,1,0.6873040666105226,42.219.152.246,110,131.52.127.55,34860,TCP,2016-11-04 16:43:09
213,579,1,0.7862863841000944,42.219.152.246,5062,146.17.106.51,25,TCP,2016-11-04 16:46:42
24,531,115,0.8014496730174869,122.156.21.197,6781,42.219.152.246,3439,TCP,2016-11-04 16:47:06
4,110,1,2.6294425958767533,117.142.37.121,19932,42.219.152.246,80,TCP,2016-11-04 16:47:10
131,566,27,21.345802567899227,151.25.100.33,6774,42.219.152.246,445,TCP,2016-11-04 16:49:21
50,465,37,0.7110244589857757,42.219.152.246,80,146.220.44.113,123,TCP,2016-11-04 16:50:11
94,29,5,0.7763500814326108,132.221.149.182,80,42.219.152.246,443,TCP,2016-11-04 16:51:45
193,442,3,19.143746495246887,42.219.152.246,5025,62.70.126.143,53,TCP,2016-11-04 16:54:58
19,112,5,2.854000923223793,24.231.196.76,12838,42.219.152.246,3447,TCP,2016-11-04 16:55:17
2,25,1,8.346385382115841,42.219.152.246,3458,138.12.194.106,12913,TCP,2016-11-04 16:55:19
87,38,102,3.9269309397786856,189.230.3.216,6800,42.219.152.246,22,TCP,2016-11-04 16:56:46
267,705,7,8.780795987695456,130.193.38.150,6738,42.219.152.246,80,TCP,2016-11-04 17:01:13
4,60,1,0.860189943574369,42.219.152.246,161,153.151.129.171,12921,UDP,2016-11-04 17:01:17
69,699,23,19.74186957255006,42.219.152.246,5035,143.79.126.108,6814,TCP,2016-11-04 17:02:26
49,97,11,0.7660509450361133,205.103.131.67,123,42.219.152.246,80,TCP,2016-11-04 17:03:15
95,71,45,0.7854903135448694,72.213.103.159,123,42.219.152.246,3520,TCP,2016-11-04 17:04:50
11,544,11,0.8168274674098939,23.71.74.213,5174,42.219.152.246,8090,TCP,2016-11-04 17:05:01
66,34,1,0.80572828813456,42.219.152.246,80,47.120.140.104,6738,TCP,2016-11-04 17:06:07
18,604,5,12.981683380901814,114.228.130.55,62923,42.219.152.246,80,TCP,2016-11-04 17:06:25
57,688,1,32.24108500778675,133.29.137.74,57789,42.219.152.246,23,TCP,2016-11-04 17:07:22
91,29,1,0.740111333783716,137.90.219.168,12831,42.219.152.246,5111,TCP,2016-11-04 17:08:53
16,530,2,23.411581233143806,151.73.113.35,5152,42.219.152.246,445,UDP,2016-11-04 17:09:09
47,528,1,0.7413448670413345,25.173.35.167,6798,42.219.152.246,3459,TCP,2016-11-04 17:09:56
110,550,142,0.850064659724012,42.219.152.246,22,223.191.80.197,20021,TCP,2016-11-04 17:11:46
121,627,11,207.49039614200592,85.226.43.142,80,42.219.152.246,443,TCP,2016-11-04 17:13:47
158,11719,1,0.7553368275985122,42.219.152.246,8092,247.236.13.189,34893,TCP,2016-11-04 17:16:25
3,619,1,113.18350929021835,200.231.76.211,40454,42.219.152.246,3457,TCP,2016-11-04 17:16:28
92,55,1,0.7123437775298953,42.219.152.246,3471,139.53.150.96,12826,TCP,2016-11-04 17:18:00
116,164,5,0.7406545279081911,212.32.105.190,36548,42.219.152.246,8118,TCP,2016-11-04 17:19:56
189,80,1,0.8105413920711726,42.219.152.246,161,222.73.110.177,58650,UDP,2016-11-04 17:23:05
47,106,51,0.6269131265580654,236.14.66.121,6785,42.219.152.246,5062,TCP,2016-11-04 17:23:52
192,653,10,2.5360863986425097,42.219.152.246,5547,126.13.138.98,12859,TCP,2016-11-04 17:27:04
43,70,1,0.6857150526484475,121.227.36.157,12866,42.219.152.246,80,TCP,2016-11-04 17:27:47
72,556,1,2.6200988455675542,136.21.29.154,15253,42.219.152.246,23,TCP,2016-11-04 17:28:59
4,123,5,25.92382608354092,42.219.152.246,80,155.43.123.124,12902,TCP,2016-11-04 17:29:03
125,824,1,22.00007638335228,42.219.152.246,5075,225.225.51.191,46693,TCP,2016-11-04 17:31:08
30,119,1,0.7090669486206025,42.219.152.246,8053,14.3.129.153,53667,TCP,2016-11-04 17:31:38
20,438,10,12.59556270763278,81.220.115.90,123,42.219.152.246,80,TCP,2016-11-04 17:31:58
27,89,16,0.7244044281542301,42.219.152.246,8025,174.74.104.214,12862,TCP,2016-11-04 17:32:25
54,697,65,12.085854426026346,42.219.152.246,3482,126.58.138.40,6784,TCP,2016-11-04 17:33:19
132,613,6,2.4311171555891637,99.239.39.169,5223,42.219.152.246,5094,TCP,2016-11-04 17:35:31
128,663,2,4.112418506294489,176.108.150.155,6796,42.219.152.246,22,TCP,2016-11-04 17:37:39
16,111,1,3.652606666088104,42.219.152.246,80,51.212.33.4,123,TCP,2016-11-04 17:37:55
173,121,76,0.739196938695386,131.80.24.104,5188,42.219.152.246,5067,TCP,2016-11-04 17:40:48
36,55,1,0.7789229638874531,60.51.84.149,51735,42.219.152.246,5074,TCP,2016-11-04 17:41:24
60,56,10,0.720748622668907,131.160.36.187,19976,42.219.152.246,80,TCP,2016-11-04 17:42:24
19,67,2,5.844207582995296,42.219.152.246,161,213.83.115.198,6740,TCP,2016-11-04 17:42:43
132,38,26,10.943473655730486,193.83.38.182,6756,42.219.152.246,80,TCP,2016-11-04 17:44:55
38,918,1,4.753866618499161,42.219.152.246,161,34.57.141.191,19967,TCP,2016-11-04 17:45:33
164,15,1,8.96917743422091,42.219.152.246,161,194.241.97.243,12867,TCP,2016-11-04 17:48:17
30,538,1,0.8229401973076165,214.109.98.68,5176,42.219.152.246,3440,TCP,2016-11-04 17:48:47
100,71,5,15.464890714734793,42.219.152.246,445,53.70.38.173,12871,TCP,2016-11-04 17:50:27
135,619,156,0.7419156138785183,162.61.75.52,20010,42.219.152.246,22,TCP,2016-11-04 17:52:42
148,2026,5,0.7890674332156777,28.80.125.134,5139,42.219.152.246,161,TCP,2016-11-04 17:55:10
436,424,54,22.403922747820612,153.77.126.185,5144,42.219.152.246,5084,TCP,2016-11-04 18:02:26
37,453,1,19.254275131970644,42.219.152.246,80,221.12.83.211,5036,TCP,2016-11-04 18:03:03
81,500,1,0.7785900493618101,42.219.152.246,161,83.11.164.68,443,TCP,2016-11-04 18:04:24
5,9233,2,2.641706426627934,76.250.234.55,6763,42.219.152.246,443,TCP,2016-11-04 18:04:29
4,620,1,11.091659244149923,42.219.152.246,3438,127.249.42.211,5125,TCP,2016-11-04 18:04:33
232,591,2,0.7378663793206215,184.35.42.137,123,42.219.152.246,5030,TCP,2016-11-04 18:08:25
116,577,1,24.180228218436238,87.94.227.43,19986,42.219.152.246,3204,TCP,2016-11-04 18:10:21
34,582,75,0.7999062985181808,141.167.44.119,6762,42.219.152.246,3128,TCP,2016-11-04 18:10:55
205,16623,22,0.8318786860909313,141.85.69.62,25,42.219.152.246,5048,TCP,2016-11-04 18:14:20
12,762,5,27.474258810281754,231.142.56.151,5144,42.219.152.246,80,TCP,2016-11-04 18:14:32
143,1201,12,0.8366484325379133,42.219.152.246,80,131.244.206.177,6820,TCP,2016-11-04 18:16:55
76,76,1,0.7152591249905527,60.214.231.199,19976,42.219.152.246,8034,TCP,2016-11-04 18:18:11
115,561,5,0.7159272360149771,217.85.128.185,12865,42.219.152.246,161,TCP,2016-11-04 18:20:06
30,571,1,0.7292450002860278,132.7.110.44,123,42.219.152.246,5115,TCP,2016-11-04 18:20:36
141,495,1,0.7842488356400281,42.219.152.246,5044,211.203.152.172,25,TCP,2016-11-04 18:22:57
11,4444,5,2.6054489160887897,134.229.146.191,6738,42.219.152.246,3518,TCP,2016-11-04 18:23:08
21,27662,36,2.6790048549883068,42.219.152.246,80,67.72.19.158,123,TCP,2016-11-04 18:23:29
145,479,5,19.14733409509063,18.44.8.189,53,42.219.152.246,80,TCP,2016-11-04 18:25:54
11,26,1,0.7610360132530332,42.219.152.246,80,19.60.119.117,123,TCP,2016-11-04 18:26:05
149,520,1,9.76357183791697,209.104.33.213,34879,42.219.152.246,22,UDP,2016-11-04 18:28:34
125,7920,5,5.362985087558627,41.245.177.125,80,42.219.152.246,161,TCP,2016-11-04 18:30:39
160,538,1,0.7333653985988349,42.219.152.246,3461,237.193.73.94,5095,TCP,2016-11-04 18:33:19
50,70932,10,0.7331284114625305,171.57.75.33,12904,42.219.152.246,5109,TCP,2016-11-04 18:34:09
44,119,857,0.857119168387726,71.213.40.38,123,42.219.152.246,80,TCP,2016-11-04 18:34:53
127,50,1,2.4047689866274595,74.13.34.172,5127,42.219.152.246,3514,TCP,2016-11-04 18:37:00
165,67,48,22.435670234262943,127.237.37.63,6822,42.219.152.246,445,TCP,2016-11-04 18:39:45
107,589,49,22.02691914886236,147.195.17.150,6809,42.219.152.246,3465,TCP,2016-11-04 18:41:32
21,138,5,0.7632425967603922,42.219.152.246,80,184.158.102.131,42576,TCP,2016-11-04 18:41:53
213,120,47,0.7670971029438078,130.231.212.91,12882,42.219.152.246,3299,TCP,2016-11-04 18:45:26
24,76,1,0.8655715968925506,42.219.152.246,110,46.248.41.74,34921,TCP,2016-11-04 18:45:50
58,644,10,9.73150115646422,42.219.152.246,80,137.120.123.100,6733,TCP,2016-11-04 18:46:48
27,66,6,18.49498998373747,147.73.22.73,6801,42.219.152.246,3512,TCP,2016-11-04 18:47:15
134,470,2,2.4775752550922334,94.90.73.189,20022,42.219.152.246,80,UDP,2016-11-04 18:49:29
116,79159,116,0.8361809661146253,83.216.116.217,12891,42.219.152.246,8110,TCP,2016-11-04 18:51:25
22,42,4,0.7625908821355551,56.142.117.63,80,42.219.152.246,3125,TCP,2016-11-04 18:51:47
149,96,1,2.4834855655208234,66.50.89.144,20016,42.219.152.246,23,TCP,2016-11-04 18:54:16
43,34,168,0.7725134929642081,60.68.233.132,34844,42.219.152.246,5036,TCP,2016-11-04 18:54:59
48,487,1,6.307941036298871,143.42.97.174,123,42.219.152.246,8118,TCP,2016-11-04 18:55:47
65,93,1,0.8089804379269481,42.219.152.246,161,21.231.51.119,30851,TCP,2016-11-04 18:56:52
452,613,243,29.95229096710682,163.254.142.134,19987,42.219.152.246,5039,TCP,2016-11-04 19:04:24
50,28,32,0.764598426874727,126.35.76.110,5165,42.219.152.246,80,TCP,2016-11-04 19:05:14
118,92,53,0.8913202830590308,131.223.29.118,5117,42.219.152.246,5115,TCP,2016-11-04 19:07:12
202,49,1,23.263268530368805,138.31.146.138,5126,42.219.152.246,5046,TCP,2016-11-04 19:10:34
19,529,1,10.407298542559149,42.219.152.246,5076,137.135.133.243,6749,TCP,2016-11-04 19:10:53
34,75,5,0.8346062356140465,153.213.135.70,6766,42.219.152.246,80,TCP,2016-11-04 19:11:27
205,26,1,27.39553986489773,137.172.140.47,34874,42.219.152.246,5075,TCP,2016-11-04 19:14:52
229,588,5,2.5179234137758613,94.74.13.185,6778,42.219.152.246,443,TCP,2016-11-04 19:18:41
378,31432,52,11.413176074624062,42.219.152.246,3508,224.227.41.178,12844,TCP,2016-11-04 19:24:59
4,456,39,358.8907120227814,101.220.28.37,5217,42.219.152.246,3432,TCP,2016-11-04 19:25:03
24,100,1477,0.7670013445895165,243.242.119.126,12923,42.219.152.246,161,TCP,2016-11-04 19:25:27
185,97,46,0.8889804154168814,42.219.152.246,80,2.41.29.33,6801,TCP,2016-11-04 19:28:32
118,565,11,0.7811543110292405,50.39.73.149,19965,42.219.152.246,7077,TCP,2016-11-04 19:30:30
3,541,7,0.8149839711841196,42.219.152.246,3476,104.60.42.81,19937,TCP,2016-11-04 19:30:33
21,44,1,2.4711167640052736,64.95.198.211,5213,42.219.152.246,443,TCP,2016-11-04 19:30:54
251,5507,16,7.057909648865461,58.110.104.61,6791,42.219.152.246,110,TCP,2016-11-04 19:35:05
69,40,1,2.571601507253945,72.114.135.218,41588,42.219.152.246,8110,TCP,2016-11-04 19:36:14
136,498,4,8.680872609838843,101.229.35.162,5149,42.219.152.246,110,TCP,2016-11-04 19:38:30
176,116,2,0.7855830292683095,15.252.37.68,20014,42.219.152.246,80,TCP,2016-11-04 19:41:26
19,438,1,15.112067241221665,236.8.64.106,5140,42.219.152.246,5120,TCP,2016-11-04 19:41:45
16,81,6,2.4742684224620457,79.251.135.195,5157,42.219.152.246,5036,TCP,2016-11-04 19:42:01
7,508,4,0.7719234761316329,42.219.152.246,3439,131.62.33.135,6822,TCP,2016-11-04 19:42:08
49,94,36,2.575009422842413,42.219.152.246,80,30.59.138.111,52436,TCP,2016-11-04 19:42:57
5,549,1,0.7624011402949691,42.219.152.246,23,148.247.131.249,53769,TCP,2016-11-04 19:43:02
5,53,56,0.8418484576977789,40.211.30.104,6791,42.219.152.246,161,TCP,2016-11-04 19:43:07
61,137,1,22.60125831887126,228.228.42.164,56166,42.219.152.246,3519,TCP,2016-11-04 19:44:08
4,110,6,5.834753790870309,42.219.152.246,5095,142.225.33.157,5102,TCP,2016-11-04 19:44:12
131,93,1,0.8211951639968902,42.219.152.246,1912,139.199.39.160,5144,TCP,2016-11-04 19:46:23
196,508,1,0.7296110456809402,42.219.152.246,161,127.217.87.124,34827,TCP,2016-11-04 19:49:39
63,48,1,2.5720494501292706,67.232.169.204,6758,42.219.152.246,5101,TCP,2016-11-04 19:50:42
90,113,13,0.7833483859430999,42.219.152.246,5078,128.102.125.64,6796,TCP,2016-11-04 19:52:12
67,548,1,0.7938599993940443,133.223.31.54,34857,42.219.152.246,161,TCP,2016-11-04 19:53:19
24,30132,6,0.7513254568912089,42.219.152.246,443,226.10.83.65,12911,TCP,2016-11-04 19:53:43
20,579,54,0.7788519691675901,129.167.83.34,3423,42.219.152.246,5098,TCP,2016-11-04 19:54:03
167,480,1,12.201107930392027,176.197.150.186,63732,42.219.152.246,161,TCP,2016-11-04 19:56:50
49,56,79,0.6735703070880845,14.226.90.156,58118,42.219.152.246,80,TCP,2016-11-04 19:57:39
60,606,33,0.7676089410670102,42.219.152.246,5038,125.32.37.73,6807,TCP,2016-11-04 19:58:39
97,773,1,0.7760569746606052,42.219.152.246,5049,107.49.32.86,6789,TCP,2016-11-04 20:00:16
110,525,1,0.7659998119343072,203.43.112.232,12834,42.219.152.246,80,TCP,2016-11-04 20:02:06
5,46,40,9.844691080972552,231.239.116.198,6795,42.219.152.246,23,TCP,2016-11-04 20:02:11
172,641,1,0.7543603121303022,138.85.143.171,36103,42.219.152.246,5060,TCP,2016-11-04 20:05:03
4,387,160,0.7670649862848222,14.226.183.90,5151,42.219.152.246,80,TCP,2016-11-04 20:05:07
55,581,2,0.7454450656659901,234.235.37.177,12854,42.219.152.246,5102,TCP,2016-11-04 20:06:02
103,632,1,23.03340520709753,136.166.108.254,25,42.219.152.246,161,TCP,2016-11-04 20:07:45
43,33,1,0.7343498587142676,10.91.136.203,80,42.219.152.246,5057,TCP,2016-11-04 20:08:28
33,137,5,25.746744967997074,42.219.152.246,22,38.188.237.37,5221,TCP,2016-11-04 20:09:01
4,568,162,10.149330100044606,113.98.164.151,123,42.219.152.246,80,TCP,2016-11-04 20:09:05
32,58,5,30.35494597256184,89.218.77.89,12913,42.219.152.246,80,TCP,2016-11-04 20:09:37
21,119,15,0.7710388312116265,145.67.133.133,5136,42.219.152.246,80,TCP,2016-11-04 20:09:58
171,748,6,16.610139671713117,143.213.130.94,5148,42.219.152.246,110,TCP,2016-11-04 20:12:49
172,455,144,0.6873977542854846,160.212.146.111,6751,42.219.152.246,8074,TCP,2016-11-04 20:15:41
63,79,17,17.906088106334213,234.243.146.225,5074,42.219.152.246,5068,TCP,2016-11-04 20:16:44
119,396,1,0.7522669821046293,42.219.152.246,5094,232.78.67.60,19969,TCP,2016-11-04 20:18:43
10,505,1,0.7194715628866106,136.77.66.101,123,42.219.152.246,5121,TCP,2016-11-04 20:18:53
48,12263,85,0.8437985305208713,70.56.97.231,19940,42.219.152.246,3495,TCP,2016-11-04 20:19:41
118,515,1,0.7523591062054038,42.219.152.246,80,139.208.97.176,12888,TCP,2016-11-04 20:21:39
48,609,55,0.8149734064936638,221.155.74.27,40110,42.219.152.246,8080,TCP,2016-11-04 20:22:27
107,51,1,0.8160047738347203,42.219.152.246,5061,149.236.134.177,6791,TCP,2016-11-04 20:24:14
53,122,20,23.94399295002222,42.219.152.246,3164,34.67.74.161,6781,TCP,2016-11-04 20:25:07
54,1156,1,4.8140887347981325,43.226.109.221,34917,42.219.152.246,3483,TCP,2016-11-04 20:26:01
120,124,35,0.8587665839586407,139.216.100.100,4477,42.219.152.246,5038,TCP,2016-11-04 20:28:01
75,540,1,72.76330786943436,240.234.115.157,54991,42.219.152.246,5113,TCP,2016-11-04 20:29:16
135,616,319,0.7405066222418101,189.177.33.33,53,42.219.152.246,5088,TCP,2016-11-04 20:31:31
56,38,1,12.885492973029613,140.6.74.247,5196,42.219.152.246,110,TCP,2016-11-04 20:32:27
54,520,1,0.7962059522978961,125.16.127.118,6724,42.219.152.246,80,TCP,2016-11-04 20:33:21
125,481,1,0.7851389741990715,165.185.74.109,6772,42.219.152.246,23,TCP,2016-11-04 20:35:26
56,126,1,0.8245446779765189,247.224.91.40,15256,42.219.152.246,80,TCP,2016-11-04 20:36:22
95,666,922,2.551704729907214,100.51.29.186,6815,42.219.152.246,22,TCP,2016-11-04 20:37:57
33,28,22,16.96823839098215,105.102.231.183,6781,42.219.152.246,5098,TCP,2016-11-04 20:38:30
58,544,5,0.7555052710231394,120.90.74.221,5223,42.219.152.246,80,TCP,2016-11-04 20:39:28
5,93,5,18.27495503425598,211.25.58.114,12919,42.219.152.246,3500,TCP,2016-11-04 20:39:33
194,33,1,0.7399261558894068,56.51.136.209,19989,42.219.152.246,161,TCP,2016-11-04 20:42:47
142,510,26,0.7667457635980099,42.219.152.246,80,31.210.7.149,5178,TCP,2016-11-04 20:45:09
30,757,131,21.64326097816229,138.111.143.173,6754,42.219.152.246,22,TCP,2016-11-04 20:45:39
181,58,1,0.7745479142758995,238.142.31.60,5161,42.219.152.246,80,TCP,2016-11-04 20:48:40
44,22,3,43.25692594796419,42.219.152.246,8066,140.199.40.221,5110,TCP,2016-11-04 20:49:24
303,74,5,0.6955269032623619,138.217.105.151,80,42.219.152.246,22,TCP,2016-11-04 20:54:27
190,119,1,13.435876496136189,42.219.152.246,3523,217.148.231.244,46632,TCP,2016-11-04 20:57:37
96,622,1,231.7857250571251,42.219.152.246,3473,144.233.26.135,41038,TCP,2016-11-04 20:59:13
7,72,13,3.844823179766536,124.75.116.139,12856,42.219.152.246,80,TCP,2016-11-04 20:59:20
25,106,29,2.570515964180231,208.225.121.137,25,42.219.152.246,445,TCP,2016-11-04 20:59:45
115,63,6,17.74455551058054,226.43.124.188,58891,42.219.152.246,5068,TCP,2016-11-04 21:01:40
15,643,1,6.217474831268191,42.219.152.246,123,32.212.66.152,12891,TCP,2016-11-04 21:01:55
185,539,23,2.566558684688061,42.219.152.246,3508,196.106.24.220,123,TCP,2016-11-04 21:05:00
143,142,1,0.7119524613954127,52.220.81.164,6774,42.219.152.246,110,TCP,2016-11-04 21:07:23
22,55,13,30.46823461353779,42.219.152.246,80,98.220.146.136,5089,TCP,2016-11-04 21:07:45
51,615,5,9.371938593685627,14.210.33.34,12857,42.219.152.246,5120,TCP,2016-11-04 21:08:36
56,20,3,0.731326075270772,42.219.152.246,80,33.248.57.164,6783,TCP,2016-11-04 21:09:32
110,10,8,0.7888004423584789,72.12.73.157,6008,42.219.152.246,80,TCP,2016-11-04 21:11:22
6,122,1,0.7358208862133324,48.224.167.230,6796,42.219.152.246,123,TCP,2016-11-04 21:11:28
68,66,763,7.173747338354588,196.105.74.26,6814,42.219.152.246,80,TCP,2016-11-04 21:12:36
40,63,1,0.8145166737958789,133.67.26.47,12865,42.219.152.246,80,TCP,2016-11-04 21:13:16
64,118,9,9.2719536870718,138.35.117.200,61084,42.219.152.246,5099,TCP,2016-11-04 21:14:20
5,89,97,17.799282297492027,42.219.152.246,5105,93.111.37.151,40460,TCP,2016-11-04 21:14:25
14,998,1,0.7777232376392931,42.219.152.246,161,198.231.30.142,5060,TCP,2016-11-04 21:14:39
63,562,1,2.4807377317920327,215.231.84.151,12835,42.219.152.246,123,TCP,2016-11-04 21:15:42
502,556,1,0.7732998440042138,19.155.81.191,12909,42.219.152.246,5039,TCP,2016-11-04 21:24:04
19,82,5,0.6812136915978044,123.11.120.182,80,42.219.152.246,80,TCP,2016-11-04 21:24:23
143,773,1,6.990125242620707,42.219.152.246,3522,131.54.40.143,6819,TCP,2016-11-04 21:26:46
94,76,22,0.7624491462484002,248.35.105.126,19975,42.219.152.246,3451,TCP,2016-11-04 21:28:20
145,450,1,7.105540344491601,42.219.152.246,80,141.221.39.149,5222,TCP,2016-11-04 21:30:45
71,3667,5,0.7505884640850127,42.219.152.246,161,24.15.29.147,12893,TCP,2016-11-04 21:31:56
138,615,12,0.7731583616696298,70.226.153.33,3344,42.219.152.246,3498,TCP,2016-11-04 21:34:14
193,88,29,4.8913272712379685,124.233.187.127,19990,42.219.152.246,7029,TCP,2016-11-04 21:37:27
88,74,1,2.6547584678046405,115.90.139.99,6795,42.219.152.246,80,TCP,2016-11-04 21:38:55
128,87,5,2.5230169468559325,150.217.157.146,25,42.219.152.246,80,TCP,2016-11-04 21:41:03
108,1237,1,2.514927605632693,129.153.115.169,443,42.219.152.246,3501,TCP,2016-11-04 21:42:51
44,120,2,15.066461585462092,59.238.39.33,6785,42.219.152.246,8113,TCP,2016-11-04 21:43:35
5,569,359,0.7685235051903874,64.242.151.246,6812,42.219.152.246,3456,TCP,2016-11-04 21:43:40
138,529,1,0.6892634786199778,42.219.152.246,80,159.110.132.187,50880,TCP,2016-11-04 21:45:58
9,23,1,0.8320626807399094,217.79.152.153,25,42.219.152.246,8087,TCP,2016-11-04 21:46:07
120,95,1,19.15210899710655,42.219.152.246,445,125.98.94.172,5182,TCP,2016-11-04 21:48:07
63,595,8,0.7649713181890547,39.44.152.94,5993,42.219.152.246,5081,TCP,2016-11-04 21:49:10
191,640,1,0.7520372634753585,232.43.122.80,80,42.219.152.246,161,TCP,2016-11-04 21:52:21
25,22,49,8.816395444795491,42.219.152.246,80,139.9.219.113,51694,TCP,2016-11-04 21:52:46
157,627,5,0.6944497696822509,139.225.116.156,6772,42.219.152.246,5087,TCP,2016-11-04 21:55:23
31,593,1,20.0242378860712,28.234.155.165,41454,42.219.152.246,80,UDP,2016-11-04 21:55:54
151,92,11,13.309680338948965,42.219.152.246,3446,132.230.60.85,6800,UDP,2016-11-04 21:58:25
9,108,1,0.8245377475395799,243.202.42.150,41489,42.219.152.246,5065,TCP,2016-11-04 21:58:34
22,500,12,6.796672744676472,42.219.152.246,3318,109.100.45.110,80,TCP,2016-11-04 21:58:56
122,400,2,9.069929083809255,42.219.152.246,5962,127.244.33.123,12825,TCP,2016-11-04 22:00:58
191,52,31,4.7555278949439534,177.12.81.176,3193,42.219.152.246,23,TCP,2016-11-04 22:04:09
114,74,13,0.8403551175724715,188.235.67.124,32975,42.219.152.246,5030,TCP,2016-11-04 22:06:03
145,445,7,0.7639244841411709,126.102.209.88,443,42.219.152.246,3428,TCP,2016-11-04 22:08:28
76,58,3,0.8048104278277606,42.219.152.246,3480,137.7.31.177,53,TCP,2016-11-04 22:09:44
70,34,23,259.1880966424942,224.237.228.67,6758,42.219.152.246,80,TCP,2016-11-04 22:10:54
179,40,246,18.907742466777567,42.219.152.246,8051,196.5.97.218,6744,TCP,2016-11-04 22:13:53
62,762,1,4.068243563175201,42.219.152.246,110,80.62.151.144,53,TCP,2016-11-04 22:14:55
132,439,1,0.7958606982138008,118.208.169.188,53,42.219.152.246,3194,TCP,2016-11-04 22:17:07
78,537,2,0.8019509464502335,42.219.152.246,5089,143.153.97.249,6752,TCP,2016-11-04 22:18:25
6,654,16,0.7591631894465536,42.219.152.246,5076,108.242.86.197,12896,TCP,2016-11-04 22:18:31
106,689,14,0.678967300336808,42.219.152.246,23,108.10.78.134,12903,TCP,2016-11-04 22:20:17
155,114,1,0.7421410221140832,42.219.152.246,8091,172.28.32.55,123,TCP,2016-11-04 22:22:52
186,45,50,4.4401815198361865,42.219.152.246,7105,227.146.182.161,123,TCP,2016-11-04 22:25:58
31,71,1,2.5960747394710784,48.114.29.149,5176,42.219.152.246,5059,TCP,2016-11-04 22:26:29
159,160,1,0.7476579034700991,88.228.168.168,5142,42.219.152.246,3460,TCP,2016-11-04 22:29:08
162,661,1,0.7964311914984137,217.235.64.159,999,42.219.152.246,80,TCP,2016-11-04 22:31:50
155,7591,383,6.687338847666979,42.219.152.246,23,129.217.24.185,123,TCP,2016-11-04 22:34:25
189,99,1,25.359094865620136,42.219.152.246,5107,31.90.87.33,12875,TCP,2016-11-04 22:37:34
176,74,1,0.8891546060331166,220.54.89.35,20013,42.219.152.246,110,TCP,2016-11-04 22:40:30
204,507,1,16.019913911819458,42.219.152.246,5080,173.85.73.242,15258,TCP,2016-11-04 22:43:54
109,57070,26,2.5552062909118836,108.231.29.223,6796,42.219.152.246,3460,UDP,2016-11-04 22:45:43
18,522,7,14.865654710680245,42.219.152.246,80,144.68.231.235,5166,TCP,2016-11-04 22:46:01
35,555,1,2.670100257731974,42.219.152.246,110,119.11.230.136,19940,TCP,2016-11-04 22:46:36
126,53,160,0.7536379408556968,42.219.152.246,8103,223.206.119.118,12859,TCP,2016-11-04 22:48:42
74,1551,1821,0.8045050660148263,146.209.63.157,15318,42.219.152.246,445,TCP,2016-11-04 22:49:56
147,52,9,19.237175546586517,155.222.112.106,19987,42.219.152.246,161,TCP,2016-11-04 22:52:23
29,112,7,281.18418109416956,135.239.122.190,37112,42.219.152.246,161,TCP,2016-11-04 22:52:52
71,58,1,0.7680453050415963,61.225.73.139,15265,42.219.152.246,8099,TCP,2016-11-04 22:54:03
51,568,53,0.7956835494842379,223.236.44.59,50816,42.219.152.246,443,TCP,2016-11-04 22:54:54
162,450,1,0.6686018176842481,42.219.152.246,3445,215.112.173.158,6739,TCP,2016-11-04 22:57:36
159,559,70,6.575238861143589,137.12.78.130,6739,42.219.152.246,3142,TCP,2016-11-04 23:00:15
95,30,5,305.62363064289093,83.235.168.254,999,42.219.152.246,3127,TCP,2016-11-04 23:01:50
111,67380,168,0.7434700601734221,42.219.152.246,80,17.211.83.113,49585,TCP,2016-11-04 23:03:41
5,40,7,6.167209893465043,42.219.152.246,5035,56.101.90.65,53,TCP,2016-11-04 23:03:46
5,111,1,33.855821371078484,119.6.78.33,6795,42.219.152.246,5079,TCP,2016-11-04 23:03:51
93,545,64,0.804352427367121,42.219.152.246,8082,18.202.27.59,6784,TCP,2016-11-04 23:05:24
9,613,1,20.583223264664408,167.228.106.157,6784,42.219.152.246,80,TCP,2016-11-04 23:05:33
54,22,5,0.7812549713999033,163.213.168.90,19977,42.219.152.246,5049,TCP,2016-11-04 23:06:27
99,84,12,5.951114136725664,144.165.70.239,64234,42.219.152.246,80,TCP,2016-11-04 23:08:06
200,80,359,7.517431424930693,85.40.78.243,6739,42.219.152.246,8042,TCP,2016-11-04 23:11:26
145,43,1,44.021732456982136,42.219.152.246,5110,151.92.20.90,123,TCP,2016-11-04 23:13:51
409,727,1,29.975452825427052,207.226.73.118,41523,42.219.152.246,3452,TCP,2016-11-04 23:20:40
285,22795,1,0.8198822687845677,141.246.40.109,5129,42.219.152.246,3449,TCP,2016-11-04 23:25:25
398,523,10,0.7063015352468938,248.56.27.230,12915,42.219.152.246,80,TCP,2016-11-04 23:32:03
100,1423,2,0.6848093628650531,42.219.152.246,161,175.109.105.201,6768,TCP,2016-11-04 23:33:43
158,61,3,0.8375489667523652,137.252.114.132,80,42.219.152.246,80,TCP,2016-11-04 23:36:21
97,116,24,2.57387638092041,42.219.152.246,8110,130.72.158.131,80,TCP,2016-11-04 23:37:58
3,507,1,0.7333839924540371,159.12.119.124,5442,42.219.152.246,80,TCP,2016-11-04 23:38:01
12,445,138,0.7476391405798495,42.219.152.246,80,169.139.190.149,6819,TCP,2016-11-04 23:38:13
65,442,5,0.8444367223419249,135.164.123.231,25,42.219.152.246,3491,TCP,2016-11-04 23:39:18
21,133,5,14.96768020838499,224.229.66.36,13697,42.219.152.246,161,TCP,2016-11-04 23:39:39
112,58,37,0.7898783788550645,42.219.152.246,22,135.90.115.182,6801,TCP,2016-11-04 23:41:31
6,44,1,12.913893565535545,42.219.152.246,110,54.217.26.68,25,TCP,2016-11-04 23:41:37
82,124,5,2.610638461075723,42.219.152.246,5035,193.90.92.96,123,TCP,2016-11-04 23:42:59
96,408,100,0.8310481323860586,42.219.152.246,22,133.185.135.77,12891,TCP,2016-11-04 23:44:35
70,524,5,0.8150842934846878,28.246.31.83,12898,42.219.152.246,3486,TCP,2016-11-04 23:45:45
23,144,1,0.7581206657923758,42.219.152.246,5052,203.238.45.70,6748,TCP,2016-11-04 23:46:08
55,33,1,0.8183703348040581,42.219.152.246,80,226.63.124.222,5130,TCP,2016-11-04 23:47:03
82,98,64,0.7943910229951143,42.219.152.246,5109,85.43.135.106,12906,TCP,2016-11-04 23:48:25
124,650,17,0.8115293174050748,241.130.29.208,12865,42.219.152.246,8094,TCP,2016-11-04 23:50:29
18,527,15,20.945957601070408,139.128.43.98,6756,42.219.152.246,80,TCP,2016-11-04 23:50:47
132,690,1,0.7508805566467345,42.219.152.246,161,16.236.31.65,12914,TCP,2016-11-04 23:52:59
93,2513,3,0.7671186549123377,216.227.102.135,123,42.219.152.246,80,TCP,2016-11-04 23:54:32
66,122,123,4.0179309574887165,134.18.95.190,5955,42.219.152.246,80,TCP,2016-11-04 23:55:38
8,53,5,15.000433791428804,135.210.158.191,123,42.219.152.246,161,TCP,2016-11-04 23:55:46
128,114,5,0.7849232009612024,161.244.25.17,123,42.219.152.246,80,TCP,2016-11-04 23:57:54
110,97,8,3.2993734516203403,214.88.96.212,6767,42.219.152.246,123,TCP,2016-11-04 23:59:44
166,113,6,0.8451260472647846,42.219.152.246,5111,128.70.85.218,6728,TCP,2016-11-05 00:02:30
152,99,1,13.29371802136302,60.196.122.52,12856,42.219.152.246,3429,TCP,2016-11-05 00:05:02
110,649,4,1.4456526339054108,163.133.142.241,34853,42.219.152.246,8088,TCP,2016-11-05 00:06:52
40,1077,1,2.5830774656496938,238.68.28.162,6787,42.219.152.246,3273,TCP,2016-11-05 00:07:32
67,570,7,2.5956932273693383,13.94.109.185,5356,42.219.152.246,8092,TCP,2016-11-05 00:08:39
40,587,20,0.8149032569490373,218.214.219.81,5948,42.219.152.246,110,TCP,2016-11-05 00:09:19
54,475,84,14.34598147496581,122.238.146.33,12833,42.219.152.246,5057,TCP,2016-11-05 00:10:13
60,122,38,93.30855774879456,42.219.152.246,3453,116.210.140.33,34834,TCP,2016-11-05 00:11:13
156,62,63,0.8465447584167123,42.219.152.246,443,84.86.26.192,19965,TCP,2016-11-05 00:13:49
23,682,38,0.8517695472110063,42.219.152.246,161,238.105.132.115,12894,TCP,2016-11-05 00:14:12
2,91,11,2.498321771621704,245.222.126.131,123,42.219.152.246,22,TCP,2016-11-05 00:14:14
30,614,1,13.838681604713203,246.103.93.181,12871,42.219.152.246,80,TCP,2016-11-05 00:14:44
68,435,1,0.7381286371964961,139.66.127.151,19985,42.219.152.246,1882,TCP,2016-11-05 00:15:52
68,554,1,0.8855321004521102,107.102.179.53,12890,42.219.152.246,110,TCP,2016-11-05 00:17:00
62,404,17,0.7772587293293327,42.219.152.246,161,166.191.46.181,6775,TCP,2016-11-05 00:18:02
137,617,1,123.52445143461227,105.72.239.33,39147,42.219.152.246,5122,TCP,2016-11-05 00:20:19
40,45,222,0.7269993696827441,126.2.34.189,34844,42.219.152.246,8085,TCP,2016-11-05 00:20:59
430,43,10,0.7508068573661149,112.225.26.137,123,42.219.152.246,161,TCP,2016-11-05 00:28:09
51,538,54,0.7449510607402772,42.219.152.246,445,119.239.117.161,6795,TCP,2016-11-05 00:29:00
147,141,1,0.7371197515167296,130.8.39.229,6757,42.219.152.246,5047,TCP,2016-11-05 00:31:27
122,91,36,16.358852170407776,42.219.152.246,80,232.237.73.194,5179,TCP,2016-11-05 00:33:29
79,497,1,16.511346124112606,220.9.162.186,12888,42.219.152.246,80,TCP,2016-11-05 00:34:48
44,648,2,0.7673311319667846,42.219.152.246,8110,114.22.22.203,57400,TCP,2016-11-05 00:35:32
147,1634,1,2.4332694788463414,42.219.152.246,5118,74.39.37.150,5140,TCP,2016-11-05 00:37:59
93,41,8,0.7755457281600684,42.219.152.246,8114,235.229.28.195,15311,TCP,2016-11-05 00:39:32
102,54,1,0.7961123913992196,176.228.87.26,6772,42.219.152.246,5040,TCP,2016-11-05 00:41:14
14,56,1,24.833155162632465,134.85.214.45,12842,42.219.152.246,5031,TCP,2016-11-05 00:41:28
27,51,21,0.7932959294412285,42.219.152.246,5069,239.9.126.200,80,TCP,2016-11-05 00:41:55
91,576,2,0.7919744979590178,234.226.7.10,34828,42.219.152.246,80,TCP,2016-11-05 00:43:26
114,720,126,0.7755824932828546,42.219.152.246,5030,65.88.177.203,41561,TCP,2016-11-05 00:45:20
15,544,15,0.8246613121591508,134.217.53.164,19998,42.219.152.246,3488,TCP,2016-11-05 00:45:35
79,96,3,5.9968638103455305,98.62.107.156,19949,42.219.152.246,5026,TCP,2016-11-05 00:46:54
5,580,1,0.7719439293723553,42.219.152.246,80,211.216.162.86,6742,TCP,2016-11-05 00:46:59
2,540,41,0.7017549150623381,241.112.246.73,6777,42.219.152.246,3470,TCP,2016-11-05 00:47:01
89,544,62,0.7899965343531221,232.180.125.33,51820,42.219.152.246,22,TCP,2016-11-05 00:48:30
175,136,1,0.856433984823525,177.42.108.71,6799,42.219.152.246,8120,TCP,2016-11-05 00:51:25
117,485,1,0.7400172657798976,143.242.146.99,6743,42.219.152.246,445,TCP,2016-11-05 00:53:22
84,663,4,277.13995403051376,139.78.220.96,61466,42.219.152.246,80,TCP,2016-11-05 00:54:46
127,140,1,0.7996070219669491,210.135.132.149,12890,42.219.152.246,80,TCP,2016-11-05 00:56:53
144,408,95,0.7757709673605859,42.219.152.246,161,114.69.78.220,6724,TCP,2016-11-05 00:59:17
237,1552,8,0.7779203325044364,42.219.152.246,80,146.248.101.112,6807,TCP,2016-11-05 01:03:14
31,47,7,24.535834684967995,78.13.26.150,80,42.219.152.246,80,TCP,2016-11-05 01:03:45
6,418,2,0.8140483621973544,63.14.36.146,12920,42.219.152.246,80,TCP,2016-11-05 01:03:51
92,647,1,2.6123977778479457,107.82.142.207,1957,42.219.152.246,1868,TCP,2016-11-05 01:05:23
76,90,2,8.115242125466466,42.219.152.246,80,194.209.140.190,6820,TCP,2016-11-05 01:06:39
35,568,1,0.7699510061647743,88.221.144.79,5169,42.219.152.246,3482,TCP,2016-11-05 01:07:14
144,88,1,0.7810574539471418,91.235.98.94,12854,42.219.152.246,80,TCP,2016-11-05 01:09:38
14,90,6,2.4579382846131916,118.239.30.164,12883,42.219.152.246,5049,TCP,2016-11-05 01:09:52
57,130,1,0.7284622834995389,105.220.168.33,6809,42.219.152.246,443,TCP,2016-11-05 01:10:49
63,38,3,17.96698399633169,122.225.115.118,6742,42.219.152.246,3491,TCP,2016-11-05 01:11:52
17,119,4,6.72942316532135,42.219.152.246,5088,125.130.113.152,6735,TCP,2016-11-05 01:12:09
52,551,32,0.8079384213779122,129.71.125.33,5039,42.219.152.246,161,TCP,2016-11-05 01:13:01
47,464,6,0.7847232325002551,128.215.158.223,6777,42.219.152.246,5070,TCP,2016-11-05 01:13:48
37,46,1,9.794738519936802,66.220.129.92,12914,42.219.152.246,161,TCP,2016-11-05 01:14:25
185,542,6,7.283378060907125,42.219.152.246,5115,137.48.33.175,6794,TCP,2016-11-05 01:17:30
20,692,1,2.4644258497282863,42.219.152.246,8092,149.156.87.169,123,TCP,2016-11-05 01:17:50
5,555,2,0.7936101655941457,105.55.42.116,25,42.219.152.246,5065,TCP,2016-11-05 01:17:55
182,533,1,27.537772715091705,42.219.152.246,5118,182.81.87.212,6763,TCP,2016-11-05 01:20:57
14,548,1,0.7459134617820382,167.92.32.138,53,42.219.152.246,161,TCP,2016-11-05 01:21:11
150,41,661,0.7998709701932967,123.225.47.115,6806,42.219.152.246,3520,TCP,2016-11-05 01:23:41
23,51,1,0.8375592778902501,97.199.34.243,3267,42.219.152.246,80,TCP,2016-11-05 01:24:04
151,534,16,7.287060996517539,111.70.115.123,5165,42.219.152.246,3468,TCP,2016-11-05 01:26:35
63,492,5,0.7578813121654093,108.219.151.144,6814,42.219.152.246,80,TCP,2016-11-05 01:27:38
220,510,2,0.8494909547735006,42.219.152.246,5108,122.49.125.193,3149,TCP,2016-11-05 01:31:18
127,144,1,2.4548866949044172,42.219.152.246,3440,107.1.60.33,19959,TCP,2016-11-05 01:33:25
11,159,85,0.8201252566650509,226.83.143.126,6780,42.219.152.246,80,TCP,2016-11-05 01:33:36
161,45,2,0.7288117634598166,131.82.72.81,123,42.219.152.246,3500,TCP,2016-11-05 01:36:17
84,55,5,0.7794912597164512,42.219.152.246,5032,187.37.172.33,19992,TCP,2016-11-05 01:37:41
29,875,5,0.7760562985204159,176.251.36.104,80,42.219.152.246,161,TCP,2016-11-05 01:38:10
27,105,1,0.7453022310510278,42.219.152.246,5058,121.132.103.81,6747,TCP,2016-11-05 01:38:37
214,1094,6,0.8332446583081037,207.242.174.166,46706,42.219.152.246,161,TCP,2016-11-05 01:42:11
55,580,396,131.1380712389946,134.56.150.120,6819,42.219.152.246,5601,TCP,2016-11-05 01:43:06
89,39,11,0.7262232452630997,87.223.184.108,5212,42.219.152.246,161,TCP,2016-11-05 01:44:35
111,26,1,35.196439683437355,147.10.33.218,34879,42.219.152.246,7122,TCP,2016-11-05 01:46:26
146,57,5,23.033537730574608,42.219.152.246,445,81.231.74.240,20017,TCP,2016-11-05 01:48:52
28,454,1,0.7540374551899731,34.106.74.91,6770,42.219.152.246,5026,TCP,2016-11-05 01:49:20
28,87,1,0.823840816039592,250.112.196.187,41460,42.219.152.246,445,TCP,2016-11-05 01:49:48
130,659,1,7.0316456593573085,162.201.5.91,12841,42.219.152.246,3501,TCP,2016-11-05 01:51:58
94,622,5,336.01964807510376,248.218.79.116,5121,42.219.152.246,80,TCP,2016-11-05 01:53:32
6,28,5,0.7838144155684859,30.249.204.164,6801,42.219.152.246,8110,TCP,2016-11-05 01:53:38
47,548,1,0.8304672434460372,42.219.152.246,8048,127.228.80.131,38583,TCP,2016-11-05 01:54:25
157,410,12,0.7846230792347342,42.219.152.246,80,64.91.100.83,6724,TCP,2016-11-05 01:57:02
78,104,1,0.8335413148161024,42.219.152.246,23,105.70.230.136,12876,TCP,2016-11-05 01:58:20
96,1576,1,12.164166335016489,217.219.89.83,53,42.219.152.246,443,TCP,2016-11-05 01:59:56
6,527,5,0.7770635783672333,42.219.152.246,80,107.7.110.134,5169,TCP,2016-11-05 02:00:02
69,491,1,29.784678518772125,152.227.87.92,36100,42.219.152.246,5099,TCP,2016-11-05 02:01:11
83,11739,6,0.7354820554610342,42.219.152.246,80,196.251.35.183,19987,TCP,2016-11-05 02:02:34
49,519,2,0.741689614020288,42.219.152.246,3279,234.226.206.137,6816,TCP,2016-11-05 02:03:23
152,112,1,8.816848458722236,122.115.22.164,61118,42.219.152.246,110,TCP,2016-11-05 02:05:55
126,84081,1,9.481461809948089,171.50.139.112,20012,42.219.152.246,80,TCP,2016-11-05 02:08:01
242,1427,1,24.851713858544827,251.221.131.126,19942,42.219.152.246,3448,TCP,2016-11-05 02:12:03
65,607,1,28.75202313065529,42.219.152.246,3435,241.148.79.179,46177,TCP,2016-11-05 02:13:08
6,65,1,16.027532659471035,224.247.226.230,19930,42.219.152.246,3521,TCP,2016-11-05 02:13:14
241,540,3,0.699059862527065,145.72.88.232,6759,42.219.152.246,80,TCP,2016-11-05 02:17:15
203,116,63,0.7526241531595588,133.124.81.208,6820,42.219.152.246,161,TCP,2016-11-05 02:20:38
7,1397,1,0.7941411891952157,42.219.152.246,5065,137.60.124.66,12853,TCP,2016-11-05 02:20:45
75,549,1,0.7916508803609759,42.219.152.246,161,161.10.113.243,5078,TCP,2016-11-05 02:22:00
31,62,5,0.8710138492751867,134.141.26.115,25,42.219.152.246,80,TCP,2016-11-05 02:22:31
10,441,27,0.7921344051137567,14.229.146.146,5206,42.219.152.246,80,TCP,2016-11-05 02:22:41
90,82,5,0.8386204799171537,140.228.239.82,6725,42.219.152.246,161,TCP,2016-11-05 02:24:11
5,112,183,5.844584193080664,42.219.152.246,8030,170.220.142.237,5136,TCP,2016-11-05 02:24:16
57,57,185,0.8220341694541276,137.207.27.143,12923,42.219.152.246,80,TCP,2016-11-05 02:25:13
59,44,5,15.636450469493866,165.216.137.73,5161,42.219.152.246,3488,TCP,2016-11-05 02:26:12
51,679,90,0.8729658660013229,42.219.152.246,5076,125.223.26.178,41605,TCP,2016-11-05 02:27:03
84,110,1,11.49558674544096,103.221.245.33,20020,42.219.152.246,445,TCP,2016-11-05 02:28:27
143,615,874,0.758529054466635,42.219.152.246,7038,167.217.37.114,6733,TCP,2016-11-05 02:30:50
124,461,6,6.416642742231487,5.221.145.114,6822,42.219.152.246,22,TCP,2016-11-05 02:32:54
85,87,1,0.7531236517243087,146.22.110.97,6762,42.219.152.246,22,TCP,2016-11-05 02:34:19
85,520,85,2.5717186485417187,34.89.105.65,60693,42.219.152.246,5085,TCP,2016-11-05 02:35:44
53,636,6,0.7170542771928012,67.172.34.217,5221,42.219.152.246,80,TCP,2016-11-05 02:36:37
168,2244,1,99.18095970153809,106.93.128.81,6754,42.219.152.246,1846,TCP,2016-11-05 02:39:25
6,45,4,2.6155720870010555,154.196.165.113,5200,42.219.152.246,8045,TCP,2016-11-05 02:39:31
313,484,5,0.7118095422629267,157.35.30.114,12840,42.219.152.246,80,TCP,2016-11-05 02:44:44
144,559,1,16.35546200349927,144.97.202.138,6733,42.219.152.246,161,TCP,2016-11-05 02:47:08
5,639,10,179.91422948241234,42.219.152.246,3389,136.181.56.33,34856,TCP,2016-11-05 02:47:13
169,126,22,0.7319027383346111,168.35.139.144,12915,42.219.152.246,110,TCP,2016-11-05 02:50:02
179,604,19,0.8668423178605735,152.76.43.89,5164,42.219.152.246,80,TCP,2016-11-05 02:53:01
13,91,1,2.5986905568279326,42.219.152.246,80,165.6.29.125,57338,TCP,2016-11-05 02:53:14
127,45,1,0.8461025627329946,42.219.152.246,3436,115.10.137.114,12922,TCP,2016-11-05 02:55:21
72,85,1,21.155037727206945,42.219.152.246,3436,128.211.148.195,6814,TCP,2016-11-05 02:56:33
86,123,1,28.687000080943108,42.219.152.246,110,31.6.93.206,6793,TCP,2016-11-05 02:57:59
123,97,1,0.7896596475038677,42.219.152.246,80,133.63.32.177,12874,TCP,2016-11-05 03:00:02
33,798,26,0.8661237498745322,42.219.152.246,22,155.221.43.33,20001,TCP,2016-11-05 03:00:35
36,96,1,0.7256196211092174,42.219.152.246,161,144.226.109.203,6748,TCP,2016-11-05 03:01:11
38,555,1,0.8394863619469106,17.62.39.119,5080,42.219.152.246,5105,TCP,2016-11-05 03:01:49
10,552,1,0.7343374346382916,42.219.152.246,5114,22.227.168.90,9064,TCP,2016-11-05 03:01:59
49,481,2,0.7472266105469316,174.214.124.185,6778,42.219.152.246,80,TCP,2016-11-05 03:02:48
278,148,1,0.7924271738156676,168.219.102.199,6745,42.219.152.246,3125,UDP,2016-11-05 03:07:26
47,96,1,28.363661728799343,42.219.152.246,3503,150.50.26.112,19979,TCP,2016-11-05 03:08:13
30,122,2,0.8114720145240426,42.219.152.246,3487,246.54.44.11,12906,TCP,2016-11-05 03:08:43
43,564,1,0.8420775001868606,153.221.26.254,6766,42.219.152.246,443,TCP,2016-11-05 03:09:26
5,525,4,0.8473759882617742,42.219.152.246,80,163.224.81.33,6788,TCP,2016-11-05 03:09:31
108,608,1,0.7584390433039516,42.219.152.246,5036,247.95.44.171,5033,TCP,2016-11-05 03:11:19
102,609,128,0.7557780935894698,17.226.92.33,6737,42.219.152.246,3473,TCP,2016-11-05 03:13:01
112,693,1,4.7088782787323,42.219.152.246,5033,229.131.115.158,51487,TCP,2016-11-05 03:14:53
50,119,184,0.7131110276095569,124.83.8.136,5201,42.219.152.246,80,UDP,2016-11-05 03:15:43
112,44,51,0.7891781511716545,42.219.152.246,8076,176.237.121.33,20012,TCP,2016-11-05 03:17:35
162,786,65,0.7356401032302529,144.182.68.244,3922,42.219.152.246,3374,TCP,2016-11-05 03:20:17
114,475,14,2.5690071573480964,48.239.40.132,6812,42.219.152.246,3486,TCP,2016-11-05 03:22:11
145,31,6,139.5401570498943,235.22.158.110,3793,42.219.152.246,3474,TCP,2016-11-05 03:24:36
17,416,1,0.7638641386292875,151.62.33.202,19938,42.219.152.246,3166,TCP,2016-11-05 03:24:53
126,54,12,165.69890668988228,90.219.36.13,12847,42.219.152.246,5100,TCP,2016-11-05 03:26:59
31,98,5,274.20083212852484,42.219.152.246,5106,8.168.132.122,20019,TCP,2016-11-05 03:27:30
29,65,6,0.7711732140742242,185.55.121.156,12902,42.219.152.246,80,TCP,2016-11-05 03:27:59
256,561,5,0.8295788797549903,42.219.152.246,80,143.93.157.177,443,TCP,2016-11-05 03:32:15
59,592,9,0.7665796866640449,42.219.152.246,5045,241.221.111.138,6780,TCP,2016-11-05 03:33:14
181,677,5,29.190678544342518,42.219.152.246,8099,144.80.109.184,123,TCP,2016-11-05 03:36:15
110,517,1,10.973874947056174,57.18.88.93,31188,42.219.152.246,80,TCP,2016-11-05 03:38:05
5,53,1,7.142665173858403,75.219.72.75,51549,42.219.152.246,5037,TCP,2016-11-05 03:38:10
75,653,1,13.061507139354944,42.219.152.246,5072,121.178.39.213,51432,TCP,2016-11-05 03:39:25
39,574,2,25.198019340634346,42.219.152.246,123,13.239.36.189,12887,TCP,2016-11-05 03:40:04
106,112,36,0.8359173559583724,185.17.230.215,6814,42.219.152.246,80,TCP,2016-11-05 03:41:50
83,35,19,2.643345897551626,156.196.33.26,19987,42.219.152.246,80,TCP,2016-11-05 03:43:13
97,405,4,0.8886543468106538,42.219.152.246,3465,246.39.131.77,12913,TCP,2016-11-05 03:44:50
42,10278,2,2.6013565775938328,42.219.152.246,5108,136.198.128.139,5195,TCP,2016-11-05 03:45:32
105,481,1,0.7267880758736283,104.232.125.178,6738,42.219.152.246,5065,TCP,2016-11-05 03:47:17
413,1688,1,13.800115920603275,221.193.83.173,19965,42.219.152.246,3429,TCP,2016-11-05 03:54:10
35,629,1,0.8023611945100129,42.219.152.246,161,202.47.150.177,53,TCP,2016-11-05 03:54:45
80,1159,7,147.9278329610825,133.122.164.123,6745,42.219.152.246,3456,TCP,2016-11-05 03:56:05
81,12376,1,5.957860663533211,145.86.122.162,41109,42.219.152.246,445,TCP,2016-11-05 03:57:26
9,1018,1,0.7845569020137191,55.93.107.194,49547,42.219.152.246,7079,TCP,2016-11-05 03:57:35
5,518,111,8.405933724716308,83.9.48.248,51196,42.219.152.246,80,TCP,2016-11-05 03:57:40
127,1779,1,0.7938047249335796,136.20.199.226,443,42.219.152.246,3142,TCP,2016-11-05 03:59:47
165,526,8,0.8555408881511539,42.219.152.246,5070,137.32.39.216,123,TCP,2016-11-05 04:02:32
