te,td,sa,da,sp,dp,pr,flg,fwd,stos,pkt,byt,label,TS
2016-04-11 00:00:14,15.0,42.219.154.108,90.95.14.237,33536,25,TCP,....S.,0,0,5,300,blacklist,2016-04-11 00:00:14
2016-04-11 00:00:14,15.0,42.219.154.108,69.41.220.10,60081,25,TCP,....S.,0,0,5,300,blacklist,2016-04-11 00:00:14
2016-04-11 00:00:37,1.008,42.219.158.242,60.56.180.25,45610,80,TCP,.AP.SF,0,0,6,437,blacklist,2016-04-11 00:00:37
2016-04-11 00:00:37,0.96,60.56.180.25,42.219.158.242,80,45610,TCP,.AP.SF,0,0,4,565,blacklist,2016-04-11 00:00:37
2016-04-11 00:00:37,0.884,42.219.158.242,60.56.180.25,55311,443,TCP,.AP.SF,0,0,55,3150,blacklist,2016-04-11 00:00:37
2016-04-11 00:00:37,0.828,60.56.180.25,42.219.158.242,443,55311,TCP,.AP.SF,0,0,81,102906,blacklist,2016-04-11 00:00:37
2016-04-11 00:00:44,14.995999999999999,42.219.154.108,90.95.12.171,48040,25,TCP,....S.,0,0,5,300,blacklist,2016-04-11 00:00:44
2016-04-11 00:01:42,1.7280000000000002,42.219.158.242,60.56.180.24,56222,80,TCP,.AP.SF,0,0,6,437,blacklist,2016-04-11 00:01:42
2016-04-11 00:01:42,1.64,60.56.180.24,42.219.158.242,80,56222,TCP,.AP.SF,0,0,4,565,blacklist,2016-04-11 00:01:42
2016-04-11 00:01:42,1.564,42.219.158.242,60.56.180.24,58097,443,TCP,.AP.SF,0,0,61,3742,blacklist,2016-04-11 00:01:42
2016-04-11 00:01:42,1.504,60.56.180.24,42.219.158.242,443,58097,TCP,.AP.SF,0,0,82,102866,blacklist,2016-04-11 00:01:42
2016-04-11 00:00:02,7.5920000000000005,42.219.158.188,209.34.68.123,143,56121,TCP,.AP..F,0,0,7,580,blacklist,2016-04-11 00:00:02
2016-04-11 00:00:03,7.747999999999999,42.219.158.188,209.34.68.123,143,52000,TCP,.AP..F,0,0,7,580,blacklist,2016-04-11 00:00:03
2016-04-11 00:00:10,21.7,70.231.107.18,42.219.158.188,54469,80,TCP,.A...F,0,72,3,121,blacklist,2016-04-11 00:00:10
2016-04-11 00:00:10,21.676,70.231.107.18,42.219.158.188,54466,80,TCP,.A...F,0,72,3,121,blacklist,2016-04-11 00:00:10
2016-04-11 00:00:10,21.66,70.231.107.18,42.219.158.188,54470,80,TCP,.A...F,0,72,3,121,blacklist,2016-04-11 00:00:10
2016-04-11 00:00:03,1.9240000000000002,42.219.158.188,75.179.204.102,80,58174,TCP,.AP.SF,0,0,67,95045,blacklist,2016-04-11 00:00:03
2016-04-11 00:00:01,0.0,194.233.67.241,42.219.158.188,33009,53,UDP,.A....,0,0,1,58,blacklist,2016-04-11 00:00:01
2016-04-11 00:00:01,0.0,42.219.158.188,194.233.67.241,53,33009,UDP,.A....,0,0,1,122,blacklist,2016-04-11 00:00:01
2016-04-11 00:00:02,0.0,194.233.64.151,42.219.158.188,41114,53,UDP,.A....,0,0,1,58,blacklist,2016-04-11 00:00:02
2016-04-11 00:00:02,0.0,42.219.158.188,194.233.64.151,53,41114,UDP,.A....,0,0,1,122,blacklist,2016-04-11 00:00:02
2016-04-11 00:00:02,0.0,194.233.64.231,42.219.158.188,45637,53,UDP,.A....,0,0,1,57,blacklist,2016-04-11 00:00:02
2016-04-11 00:00:02,0.0,42.219.158.188,194.233.64.231,53,45637,UDP,.A....,0,0,1,155,blacklist,2016-04-11 00:00:02
2016-04-11 00:00:02,0.256,194.233.64.44,42.219.158.188,61990,80,TCP,.AP.S.,0,0,4,437,blacklist,2016-04-11 00:00:02
2016-04-11 00:00:02,0.124,42.219.158.188,194.233.64.44,80,61990,TCP,.AP.S.,0,0,3,536,blacklist,2016-04-11 00:00:02
2016-04-11 00:00:02,0.0,194.233.64.92,42.219.158.188,42051,53,UDP,.A....,0,0,1,54,blacklist,2016-04-11 00:00:02
2016-04-11 00:00:02,0.0,42.219.158.188,194.233.64.92,53,42051,UDP,.A....,0,0,1,138,blacklist,2016-04-11 00:00:02
2016-04-11 00:00:03,0.268,194.233.64.153,42.219.158.188,45164,80,TCP,.AP.S.,0,0,4,434,blacklist,2016-04-11 00:00:03
2016-04-11 00:00:03,0.136,42.219.158.188,194.233.64.153,80,45164,TCP,.AP.S.,0,0,3,678,blacklist,2016-04-11 00:00:03
2016-04-11 00:00:03,0.268,194.233.64.185,42.219.158.188,38922,80,TCP,.AP.S.,0,0,4,438,blacklist,2016-04-11 00:00:03
2016-04-11 00:00:03,0.14400000000000002,42.219.158.188,194.233.64.185,80,38922,TCP,.AP.S.,0,0,3,602,blacklist,2016-04-11 00:00:03
2016-04-11 00:00:04,0.0,42.219.158.188,143.72.8.137,42860,53,UDP,.A....,0,0,2,128,blacklist,2016-04-11 00:00:04
2016-04-11 00:00:04,0.0,143.72.8.137,42.219.158.188,53,42860,UDP,.A....,0,0,2,238,blacklist,2016-04-11 00:00:04
2016-04-11 00:00:04,0.0,42.219.158.188,143.72.8.137,51078,53,UDP,.A....,0,0,2,128,blacklist,2016-04-11 00:00:04
2016-04-11 00:00:04,0.0,42.219.158.188,143.72.8.137,57781,53,UDP,.A....,0,0,2,128,blacklist,2016-04-11 00:00:04
2016-04-11 00:00:04,0.0,42.219.158.188,143.72.8.137,33836,53,UDP,.A....,0,0,2,128,blacklist,2016-04-11 00:00:04
2016-04-11 00:00:04,0.0,42.219.158.188,143.72.8.137,35280,53,UDP,.A....,0,0,2,128,blacklist,2016-04-11 00:00:04
2016-04-11 00:00:04,0.004,143.72.8.137,42.219.158.188,53,51078,UDP,.A....,0,0,2,238,blacklist,2016-04-11 00:00:04
2016-04-11 00:00:04,0.0,143.72.8.137,42.219.158.188,53,57781,UDP,.A....,0,0,2,238,blacklist,2016-04-11 00:00:04
2016-04-11 00:00:04,0.0,143.72.8.137,42.219.158.188,53,33836,UDP,.A....,0,0,2,238,blacklist,2016-04-11 00:00:04
2016-04-11 00:00:04,0.004,143.72.8.137,42.219.158.188,53,35280,UDP,.A....,0,0,2,238,blacklist,2016-04-11 00:00:04
2016-04-11 00:00:04,0.0,42.219.158.188,143.72.8.137,50947,53,UDP,.A....,0,0,2,128,blacklist,2016-04-11 00:00:04
2016-04-11 00:00:04,0.0,143.72.8.137,42.219.158.188,53,50947,UDP,.A....,0,0,2,238,blacklist,2016-04-11 00:00:04
2016-04-11 00:00:05,0.7879999999999999,42.219.154.108,176.101.191.190,55125,25,TCP,.AP.SF,0,0,22,11259,blacklist,2016-04-11 00:00:05
2016-04-11 00:00:14,65.208,42.219.158.188,50.62.95.42,80,49862,TCP,.AP.SF,0,0,11,2229,blacklist,2016-04-11 00:00:14
2016-04-11 00:00:05,0.06,165.1.200.240,42.219.158.188,53530,22,TCP,.AP...,0,8,2,168,blacklist,2016-04-11 00:00:05
2016-04-11 00:00:05,0.0,42.219.158.188,165.1.200.240,22,53530,TCP,.AP...,0,0,1,84,blacklist,2016-04-11 00:00:05
2016-04-11 00:00:05,0.0,42.219.158.188,143.72.8.137,49636,53,UDP,.A....,0,0,2,128,blacklist,2016-04-11 00:00:05
2016-04-11 00:00:05,0.38,143.72.8.137,42.219.158.188,53,49636,UDP,.A....,0,0,2,238,blacklist,2016-04-11 00:00:05
2016-04-11 00:00:07,0.344,42.219.152.242,56.217.245.242,80,13458,TCP,.A..S.,0,0,10,528,blacklist,2016-04-11 00:00:07
2016-04-11 00:00:03,1.932,75.179.204.102,42.219.158.188,58174,80,TCP,.AP.SF,0,72,68,3085,blacklist,2016-04-11 00:00:03
2016-04-11 00:00:08,0.0,42.219.158.188,70.231.107.18,80,54469,TCP,.A...F,0,0,1,40,blacklist,2016-04-11 00:00:08
2016-04-11 00:00:08,0.0,42.219.158.188,70.231.107.18,80,54466,TCP,.A...F,0,0,1,40,blacklist,2016-04-11 00:00:08
2016-04-11 00:00:08,0.0,42.219.158.188,70.231.107.18,80,54470,TCP,.A...F,0,0,1,40,blacklist,2016-04-11 00:00:08
2016-04-11 00:00:08,0.0,42.219.158.188,209.34.68.123,143,60082,TCP,.AP...,0,0,1,88,blacklist,2016-04-11 00:00:08
2016-04-11 00:00:09,0.0,42.219.158.188,70.231.107.18,80,54487,TCP,.A....,0,0,1,52,blacklist,2016-04-11 00:00:09
2016-04-11 00:00:09,0.0,204.97.134.102,42.219.158.188,38381,53,UDP,.A....,0,0,1,79,blacklist,2016-04-11 00:00:09
2016-04-11 00:00:09,0.0,42.219.158.188,204.97.134.102,53,38381,UDP,.A....,0,0,1,163,blacklist,2016-04-11 00:00:09
2016-04-11 00:00:20,10.912,42.219.158.188,70.231.107.18,80,54675,TCP,.A..SF,0,0,2,92,blacklist,2016-04-11 00:00:20
2016-04-11 00:00:20,10.924000000000001,42.219.158.188,70.231.107.18,80,54676,TCP,.A..SF,0,0,2,92,blacklist,2016-04-11 00:00:20
2016-04-11 00:00:20,10.908,42.219.158.188,70.231.107.18,80,54680,TCP,.A..SF,0,0,2,92,blacklist,2016-04-11 00:00:20
2016-04-11 00:00:20,10.908,42.219.158.188,70.231.107.18,80,54678,TCP,.A..SF,0,0,2,92,blacklist,2016-04-11 00:00:20
2016-04-11 00:00:20,10.904000000000002,42.219.158.188,70.231.107.18,80,54679,TCP,.A..SF,0,0,2,92,blacklist,2016-04-11 00:00:20
2016-04-11 00:00:20,10.904000000000002,42.219.158.188,70.231.107.18,80,54681,TCP,.A..SF,0,0,2,92,blacklist,2016-04-11 00:00:20
2016-04-11 00:00:20,10.908,42.219.158.188,70.231.107.18,80,54677,TCP,.A..SF,0,0,2,92,blacklist,2016-04-11 00:00:20
2016-04-11 00:00:10,0.0,42.219.158.188,209.34.68.123,143,56121,TCP,.AP...,0,0,1,88,blacklist,2016-04-11 00:00:10
2016-04-11 00:00:10,0.0,42.219.158.188,70.231.107.18,80,54469,TCP,.A....,0,72,1,40,blacklist,2016-04-11 00:00:10
2016-04-11 00:00:10,0.0,42.219.158.188,70.231.107.18,80,54470,TCP,.A....,0,72,1,40,blacklist,2016-04-11 00:00:10
2016-04-11 00:00:10,0.0,42.219.158.188,70.231.107.18,80,54466,TCP,.A....,0,72,1,40,blacklist,2016-04-11 00:00:10
2016-04-11 00:00:11,0.0,42.219.158.188,209.34.68.123,143,52000,TCP,.AP...,0,0,1,88,blacklist,2016-04-11 00:00:11
2016-04-11 00:00:05,0.7879999999999999,176.101.191.190,42.219.154.108,25,55125,TCP,.APRSF,0,40,23,5228,blacklist,2016-04-11 00:00:05
2016-04-11 00:00:14,65.6,50.62.95.42,42.219.158.188,49862,80,TCP,.AP.SF,0,72,12,1231,blacklist,2016-04-11 00:00:14
2016-04-11 00:00:07,0.336,56.217.245.242,42.219.152.242,13458,80,TCP,.AP.S.,0,40,11,11891,blacklist,2016-04-11 00:00:07
2016-04-11 00:00:13,15.1,218.58.221.238,42.219.158.188,48205,80,TCP,.AP.S.,0,0,30,3848,blacklist,2016-04-11 00:00:13
2016-04-11 00:00:13,15.036,42.219.158.188,218.58.221.238,80,48205,TCP,.AP.S.,0,0,32,36343,blacklist,2016-04-11 00:00:13
2016-04-11 00:00:14,0.0,42.219.158.188,50.62.95.42,80,49862,TCP,.A....,0,72,1,40,blacklist,2016-04-11 00:00:14
2016-04-11 00:00:06,20.988000000000003,42.219.153.219,32.73.173.41,54100,25,TCP,....S.,0,0,4,240,blacklist,2016-04-11 00:00:06
2016-04-11 00:00:06,20.996,42.219.153.219,57.100.19.121,32879,25,TCP,....S.,0,0,4,240,blacklist,2016-04-11 00:00:06
2016-04-11 00:00:06,21.008000000000003,42.219.153.219,57.100.19.121,32878,25,TCP,....S.,0,0,4,240,blacklist,2016-04-11 00:00:06
2016-04-11 00:00:15,14.995999999999999,42.219.154.108,57.100.19.121,40857,25,TCP,....S.,0,0,5,300,blacklist,2016-04-11 00:00:15
2016-04-11 00:00:16,1.828,42.219.158.188,75.179.204.109,80,32309,TCP,.AP.SF,0,0,35,47776,blacklist,2016-04-11 00:00:16
2016-04-11 00:00:21,11.412,70.231.107.18,42.219.158.188,54675,80,TCP,.A..SF,0,72,4,172,blacklist,2016-04-11 00:00:21
2016-04-11 00:00:20,11.344000000000001,70.231.107.18,42.219.158.188,54676,80,TCP,.A..SF,0,72,4,172,blacklist,2016-04-11 00:00:20
2016-04-11 00:00:20,11.312000000000001,70.231.107.18,42.219.158.188,54678,80,TCP,.A..SF,0,72,4,172,blacklist,2016-04-11 00:00:20
2016-04-11 00:00:20,11.312000000000001,70.231.107.18,42.219.158.188,54680,80,TCP,.A..SF,0,72,4,172,blacklist,2016-04-11 00:00:20
2016-04-11 00:00:20,11.34,70.231.107.18,42.219.158.188,54679,80,TCP,.A..SF,0,72,4,172,blacklist,2016-04-11 00:00:20
2016-04-11 00:00:20,11.328,70.231.107.18,42.219.158.188,54681,80,TCP,.A..SF,0,72,4,172,blacklist,2016-04-11 00:00:20
2016-04-11 00:00:20,11.32,70.231.107.18,42.219.158.188,54677,80,TCP,.A..SF,0,72,4,172,blacklist,2016-04-11 00:00:20
2016-04-11 00:00:16,0.0,42.219.158.188,143.72.8.137,46506,53,UDP,.A....,0,0,2,128,blacklist,2016-04-11 00:00:16
2016-04-11 00:00:16,0.0,143.72.8.137,42.219.158.188,53,46506,UDP,.A....,0,0,2,238,blacklist,2016-04-11 00:00:16
2016-04-11 00:00:16,0.0,42.219.158.188,143.72.8.137,48395,53,UDP,.A....,0,0,2,128,blacklist,2016-04-11 00:00:16
2016-04-11 00:00:16,0.0,42.219.158.188,143.72.8.137,60252,53,UDP,.A....,0,0,2,128,blacklist,2016-04-11 00:00:16
2016-04-11 00:00:16,0.0,42.219.158.188,143.72.8.137,59877,53,UDP,.A....,0,0,2,128,blacklist,2016-04-11 00:00:16
2016-04-11 00:00:16,0.0,42.219.158.188,143.72.8.137,57447,53,UDP,.A....,0,0,2,128,blacklist,2016-04-11 00:00:16
2016-04-11 00:00:16,0.0,143.72.8.137,42.219.158.188,53,48395,UDP,.A....,0,0,2,238,blacklist,2016-04-11 00:00:16
2016-04-11 00:00:16,0.0,143.72.8.137,42.219.158.188,53,60252,UDP,.A....,0,0,2,238,blacklist,2016-04-11 00:00:16
2016-04-11 00:00:16,0.0,143.72.8.137,42.219.158.188,53,59877,UDP,.A....,0,0,2,238,blacklist,2016-04-11 00:00:16
2016-04-11 00:00:16,0.0,143.72.8.137,42.219.158.188,53,57447,UDP,.A....,0,0,2,238,blacklist,2016-04-11 00:00:16
2016-04-11 00:00:16,0.0,42.219.158.188,143.72.8.137,48158,53,UDP,.A....,0,0,2,128,blacklist,2016-04-11 00:00:16
2016-04-11 00:00:17,0.0,42.219.158.188,143.72.8.137,57076,53,UDP,.A....,0,0,2,128,blacklist,2016-04-11 00:00:17
2016-04-11 00:00:17,0.0,42.219.158.188,143.72.8.137,34446,53,UDP,.A....,0,0,2,128,blacklist,2016-04-11 00:00:17
2016-04-11 00:00:17,0.0,42.219.158.188,143.72.8.137,45157,53,UDP,.A....,0,0,2,128,blacklist,2016-04-11 00:00:17
2016-04-11 00:00:17,0.004,143.72.8.137,42.219.158.188,53,48158,UDP,.A....,0,0,2,238,blacklist,2016-04-11 00:00:17
2016-04-11 00:00:17,0.004,143.72.8.137,42.219.158.188,53,57076,UDP,.A....,0,0,2,238,blacklist,2016-04-11 00:00:17
2016-04-11 00:00:17,0.004,143.72.8.137,42.219.158.188,53,34446,UDP,.A....,0,0,2,238,blacklist,2016-04-11 00:00:17
2016-04-11 00:00:17,0.004,143.72.8.137,42.219.158.188,53,45157,UDP,.A....,0,0,2,238,blacklist,2016-04-11 00:00:17
2016-04-11 00:00:17,0.004,42.219.158.188,143.72.8.137,59196,53,UDP,.A....,0,0,2,128,blacklist,2016-04-11 00:00:17
2016-04-11 00:00:17,0.0,143.72.8.137,42.219.158.188,53,59196,UDP,.A....,0,0,2,238,blacklist,2016-04-11 00:00:17
2016-04-11 00:00:17,0.0,42.219.158.188,143.72.8.137,44920,53,UDP,.A....,0,0,2,128,blacklist,2016-04-11 00:00:17
2016-04-11 00:00:17,0.0,42.219.158.188,143.72.8.137,59857,53,UDP,.A....,0,0,2,128,blacklist,2016-04-11 00:00:17
2016-04-11 00:00:17,0.004,143.72.8.137,42.219.158.188,53,44920,UDP,.A....,0,0,2,238,blacklist,2016-04-11 00:00:17
2016-04-11 00:00:17,0.0,143.72.8.137,42.219.158.188,53,59857,UDP,.A....,0,0,2,238,blacklist,2016-04-11 00:00:17
2016-04-11 00:00:19,0.644,42.219.158.188,183.83.209.191,80,15223,TCP,.AP.SF,0,0,4,757,blacklist,2016-04-11 00:00:19
2016-04-11 00:00:19,0.0,42.219.158.188,143.72.8.137,58672,53,UDP,.A....,0,0,2,128,blacklist,2016-04-11 00:00:19
2016-04-11 00:00:19,0.004,143.72.8.137,42.219.158.188,53,58672,UDP,.A....,0,0,2,238,blacklist,2016-04-11 00:00:19
2016-04-11 00:00:16,1.824,75.179.204.109,42.219.158.188,32309,80,TCP,.AP.SF,0,72,36,1813,blacklist,2016-04-11 00:00:16
2016-04-11 00:00:20,0.0,42.219.158.188,143.72.8.137,53138,53,UDP,.A....,0,0,2,128,blacklist,2016-04-11 00:00:20
2016-04-11 00:00:21,0.0,143.72.8.137,42.219.158.188,53,53138,UDP,.A....,0,0,2,238,blacklist,2016-04-11 00:00:21
2016-04-11 00:00:21,0.0,42.219.158.188,143.72.8.137,60706,53,UDP,.A....,0,0,2,128,blacklist,2016-04-11 00:00:21
2016-04-11 00:00:21,0.0,143.72.8.137,42.219.158.188,53,60706,UDP,.A....,0,0,2,238,blacklist,2016-04-11 00:00:21
2016-04-11 00:00:21,0.0,42.219.158.188,143.72.8.137,49517,53,UDP,.A....,0,0,2,128,blacklist,2016-04-11 00:00:21
2016-04-11 00:00:21,0.0,143.72.8.137,42.219.158.188,53,49517,UDP,.A....,0,0,2,238,blacklist,2016-04-11 00:00:21
2016-04-11 00:00:21,0.004,42.219.158.188,143.72.8.137,33835,53,UDP,.A....,0,0,2,128,blacklist,2016-04-11 00:00:21
2016-04-11 00:00:21,0.0,143.72.8.137,42.219.158.188,53,33835,UDP,.A....,0,0,2,238,blacklist,2016-04-11 00:00:21
2016-04-11 00:00:21,0.004,42.219.158.188,143.72.8.137,45194,53,UDP,.A....,0,0,2,128,blacklist,2016-04-11 00:00:21
2016-04-11 00:00:21,0.0,143.72.8.137,42.219.158.188,53,45194,UDP,.A....,0,0,2,238,blacklist,2016-04-11 00:00:21
2016-04-11 00:00:21,0.004,42.219.158.188,143.72.8.137,53073,53,UDP,.A....,0,0,2,128,blacklist,2016-04-11 00:00:21
2016-04-11 00:00:21,0.0,143.72.8.137,42.219.158.188,53,53073,UDP,.A....,0,0,2,238,blacklist,2016-04-11 00:00:21
2016-04-11 00:00:13,63.336000000000006,218.58.221.238,42.219.158.188,48187,80,TCP,.AP...,0,0,180,20966,blacklist,2016-04-11 00:00:13
2016-04-11 00:00:13,63.184,42.219.158.188,218.58.221.238,80,48187,TCP,.AP...,0,0,201,246841,blacklist,2016-04-11 00:00:13
2016-04-11 00:00:13,7.676,218.58.221.238,42.219.158.188,48206,80,TCP,.AP.S.,0,0,52,5821,blacklist,2016-04-11 00:00:13
2016-04-11 00:00:13,7.624,218.58.221.238,42.219.158.188,48207,80,TCP,.AP.S.,0,0,39,5080,blacklist,2016-04-11 00:00:13
2016-04-11 00:00:13,7.547999999999999,218.58.221.238,42.219.158.188,48208,80,TCP,.AP.S.,0,0,37,4212,blacklist,2016-04-11 00:00:13
2016-04-11 00:00:14,8.372,218.58.221.238,42.219.158.188,48209,80,TCP,.AP.S.,0,0,23,2720,blacklist,2016-04-11 00:00:14
2016-04-11 00:00:13,7.56,42.219.158.188,218.58.221.238,80,48207,TCP,.AP.S.,0,0,47,54855,blacklist,2016-04-11 00:00:13
2016-04-11 00:00:13,7.412000000000001,42.219.158.188,218.58.221.238,80,48208,TCP,.AP.S.,0,0,41,47065,blacklist,2016-04-11 00:00:13
2016-04-11 00:00:13,7.6160000000000005,42.219.158.188,218.58.221.238,80,48206,TCP,.AP.S.,0,0,54,66131,blacklist,2016-04-11 00:00:13
2016-04-11 00:00:14,8.272,42.219.158.188,218.58.221.238,80,48209,TCP,.AP.S.,0,0,22,23501,blacklist,2016-04-11 00:00:14
2016-04-11 00:00:22,0.0,42.219.158.188,143.72.8.137,50889,53,UDP,.A....,0,0,2,128,blacklist,2016-04-11 00:00:22
2016-04-11 00:00:22,0.0,143.72.8.137,42.219.158.188,53,50889,UDP,.A....,0,0,2,238,blacklist,2016-04-11 00:00:22
2016-04-11 00:00:22,0.0,42.219.158.188,143.72.8.137,39675,53,UDP,.A....,0,0,2,128,blacklist,2016-04-11 00:00:22
2016-04-11 00:00:22,0.0,42.219.158.188,143.72.8.137,47386,53,UDP,.A....,0,0,2,128,blacklist,2016-04-11 00:00:22
2016-04-11 00:00:22,0.0,42.219.158.188,143.72.8.137,49375,53,UDP,.A....,0,0,2,128,blacklist,2016-04-11 00:00:22
2016-04-11 00:00:22,0.0,143.72.8.137,42.219.158.188,53,39675,UDP,.A....,0,0,2,238,blacklist,2016-04-11 00:00:22
2016-04-11 00:00:22,0.004,143.72.8.137,42.219.158.188,53,47386,UDP,.A....,0,0,2,238,blacklist,2016-04-11 00:00:22
2016-04-11 00:00:22,0.0,143.72.8.137,42.219.158.188,53,49375,UDP,.A....,0,0,2,238,blacklist,2016-04-11 00:00:22
2016-04-11 00:00:13,21.011999999999997,42.219.153.8,189.82.76.86,50870,25,TCP,....S.,0,0,4,240,blacklist,2016-04-11 00:00:13
2016-04-11 00:00:19,0.932,183.83.209.191,42.219.158.188,15223,80,TCP,.APRS.,0,72,5,538,blacklist,2016-04-11 00:00:19
2016-04-11 00:00:23,0.0,42.219.158.188,143.72.8.137,41207,53,UDP,.A....,0,0,2,128,blacklist,2016-04-11 00:00:23
2016-04-11 00:00:23,0.0,143.72.8.137,42.219.158.188,53,41207,UDP,.A....,0,0,2,238,blacklist,2016-04-11 00:00:23
2016-04-11 00:00:28,0.0,42.219.158.188,70.231.107.18,80,54487,TCP,.A...F,0,0,1,40,blacklist,2016-04-11 00:00:28
2016-04-11 00:00:36,7.52,42.219.158.188,75.179.204.111,80,51926,TCP,.AP.SF,0,0,266,394514,blacklist,2016-04-11 00:00:36
2016-04-11 00:00:29,0.52,42.219.158.188,86.132.20.126,25,37541,TCP,.AP.SF,0,0,6,411,blacklist,2016-04-11 00:00:29
2016-04-11 00:00:29,0.0,42.219.158.188,143.72.8.137,59464,53,UDP,.A....,0,0,1,73,blacklist,2016-04-11 00:00:29
2016-04-11 00:00:29,0.0,143.72.8.137,42.219.158.188,53,59464,UDP,.A....,0,0,1,103,blacklist,2016-04-11 00:00:29
2016-04-11 00:00:29,0.0,42.219.158.188,143.72.8.137,48618,53,UDP,.A....,0,0,1,62,blacklist,2016-04-11 00:00:29
2016-04-11 00:00:29,0.0,143.72.8.137,42.219.158.188,53,48618,UDP,.A....,0,0,1,78,blacklist,2016-04-11 00:00:29
2016-04-11 00:00:31,0.6559999999999999,42.219.158.188,68.181.223.46,80,44697,TCP,.AP.SF,0,0,4,710,blacklist,2016-04-11 00:00:31
2016-04-11 00:00:30,0.0,42.219.158.188,70.231.107.18,80,54487,TCP,.A....,0,72,1,40,blacklist,2016-04-11 00:00:30
2016-04-11 00:00:31,0.40399999999999997,42.219.158.188,68.181.223.46,80,44851,TCP,.AP.SF,0,0,14,14317,blacklist,2016-04-11 00:00:31
2016-04-11 00:00:31,0.0,42.219.158.188,50.78.23.237,53,53985,UDP,.A....,0,0,1,146,blacklist,2016-04-11 00:00:31
2016-04-11 00:00:36,7.5120000000000005,75.179.204.111,42.219.158.188,51926,80,TCP,.AP.SF,0,72,267,11048,blacklist,2016-04-11 00:00:36
2016-04-11 00:00:30,0.664,86.132.20.126,42.219.158.188,37541,25,TCP,.APRSF,0,40,8,417,blacklist,2016-04-11 00:00:30
2016-04-11 00:00:36,20.991999999999997,42.219.153.219,32.73.173.55,46170,25,TCP,....S.,0,0,4,240,blacklist,2016-04-11 00:00:36
2016-04-11 00:00:31,0.772,68.181.223.46,42.219.158.188,44697,80,TCP,.AP.SF,0,40,6,461,blacklist,2016-04-11 00:00:31
2016-04-11 00:00:31,0.532,68.181.223.46,42.219.158.188,44851,80,TCP,.AP.SF,0,72,16,985,blacklist,2016-04-11 00:00:31
2016-04-11 00:00:34,1.288,42.219.158.188,175.177.229.54,80,24258,TCP,.A..SF,0,0,3,128,blacklist,2016-04-11 00:00:34
2016-04-11 00:00:30,21.46,70.231.107.18,42.219.158.188,54487,80,TCP,.A...F,0,72,3,121,blacklist,2016-04-11 00:00:30
2016-04-11 00:00:31,0.0,50.78.23.237,42.219.158.188,53985,53,UDP,.A....,0,40,1,62,blacklist,2016-04-11 00:00:31
2016-04-11 00:00:34,0.004,42.219.158.188,175.177.229.54,80,24258,TCP,.AP...,0,2,10,13039,blacklist,2016-04-11 00:00:34
2016-04-11 00:00:35,0.0,42.219.158.188,143.72.8.137,57679,53,UDP,.A....,0,0,2,128,blacklist,2016-04-11 00:00:35
2016-04-11 00:00:35,0.0,143.72.8.137,42.219.158.188,53,57679,UDP,.A....,0,0,2,238,blacklist,2016-04-11 00:00:35
2016-04-11 00:00:35,0.0,42.219.158.188,143.72.8.137,49066,53,UDP,.A....,0,0,2,128,blacklist,2016-04-11 00:00:35
2016-04-11 00:00:35,0.0,42.219.158.188,143.72.8.137,57444,53,UDP,.A....,0,0,2,128,blacklist,2016-04-11 00:00:35
2016-04-11 00:00:35,0.0,42.219.158.188,143.72.8.137,59226,53,UDP,.A....,0,0,2,128,blacklist,2016-04-11 00:00:35
2016-04-11 00:00:35,0.0,42.219.158.188,143.72.8.137,45524,53,UDP,.A....,0,0,2,128,blacklist,2016-04-11 00:00:35
2016-04-11 00:00:35,0.0,143.72.8.137,42.219.158.188,53,49066,UDP,.A....,0,0,2,238,blacklist,2016-04-11 00:00:35
2016-04-11 00:00:35,0.0,143.72.8.137,42.219.158.188,53,57444,UDP,.A....,0,0,2,238,blacklist,2016-04-11 00:00:35
2016-04-11 00:00:35,0.0,143.72.8.137,42.219.158.188,53,59226,UDP,.A....,0,0,2,238,blacklist,2016-04-11 00:00:35
2016-04-11 00:00:35,0.004,143.72.8.137,42.219.158.188,53,45524,UDP,.A....,0,0,2,238,blacklist,2016-04-11 00:00:35
2016-04-11 00:00:35,0.0,42.219.158.188,143.72.8.137,33733,53,UDP,.A....,0,0,2,128,blacklist,2016-04-11 00:00:35
2016-04-11 00:00:36,0.0,42.219.158.188,143.72.8.137,33945,53,UDP,.A....,0,0,2,128,blacklist,2016-04-11 00:00:36
2016-04-11 00:00:36,0.0,42.219.158.188,143.72.8.137,45667,53,UDP,.A....,0,0,2,128,blacklist,2016-04-11 00:00:36
2016-04-11 00:00:36,0.0,143.72.8.137,42.219.158.188,53,33733,UDP,.A....,0,0,2,238,blacklist,2016-04-11 00:00:36
2016-04-11 00:00:36,0.0,42.219.158.188,143.72.8.137,35498,53,UDP,.A....,0,0,2,128,blacklist,2016-04-11 00:00:36
2016-04-11 00:00:36,0.0,143.72.8.137,42.219.158.188,53,33945,UDP,.A....,0,0,2,238,blacklist,2016-04-11 00:00:36
2016-04-11 00:00:36,0.0,143.72.8.137,42.219.158.188,53,45667,UDP,.A....,0,0,2,238,blacklist,2016-04-11 00:00:36
2016-04-11 00:00:36,0.0,143.72.8.137,42.219.158.188,53,35498,UDP,.A....,0,0,2,238,blacklist,2016-04-11 00:00:36
2016-04-11 00:00:36,0.055999999999999994,165.1.200.240,42.219.158.188,53530,22,TCP,.AP...,0,8,2,168,blacklist,2016-04-11 00:00:36
2016-04-11 00:00:36,0.0,42.219.158.188,165.1.200.240,22,53530,TCP,.AP...,0,0,1,84,blacklist,2016-04-11 00:00:36
2016-04-11 00:00:36,0.0,42.219.158.188,143.72.8.137,40018,53,UDP,.A....,0,0,2,128,blacklist,2016-04-11 00:00:36
2016-04-11 00:00:36,0.0,143.72.8.137,42.219.158.188,53,40018,UDP,.A....,0,0,2,238,blacklist,2016-04-11 00:00:36
2016-04-11 00:00:33,0.11599999999999999,175.177.229.54,42.219.158.188,24258,80,TCP,.AP.S.,0,42,2,377,blacklist,2016-04-11 00:00:33
2016-04-11 00:00:34,1.284,175.177.229.54,42.219.158.188,24258,80,TCP,.A...F,0,40,8,320,blacklist,2016-04-11 00:00:34
2016-04-11 00:00:36,0.0,42.219.158.188,143.72.8.137,42508,53,UDP,.A....,0,0,2,128,blacklist,2016-04-11 00:00:36
2016-04-11 00:00:36,0.004,42.219.158.188,143.72.8.137,54856,53,UDP,.A....,0,0,2,128,blacklist,2016-04-11 00:00:36
2016-04-11 00:00:36,0.0,143.72.8.137,42.219.158.188,53,42508,UDP,.A....,0,0,2,238,blacklist,2016-04-11 00:00:36
2016-04-11 00:00:36,0.0,143.72.8.137,42.219.158.188,53,54856,UDP,.A....,0,0,2,238,blacklist,2016-04-11 00:00:36
2016-04-11 00:00:39,0.0,42.219.158.188,36.41.20.222,53,60270,UDP,.A....,0,0,1,167,blacklist,2016-04-11 00:00:39
2016-04-11 00:00:39,0.0,42.219.158.188,36.41.20.222,53,15394,UDP,.A....,0,0,1,149,blacklist,2016-04-11 00:00:39
2016-04-11 00:00:37,15.084000000000001,209.57.244.225,42.219.158.188,7574,80,TCP,.AP...,0,0,29,3111,blacklist,2016-04-11 00:00:37
2016-04-11 00:00:37,14.796,42.219.158.188,209.57.244.225,80,7574,TCP,.AP...,0,0,45,58785,blacklist,2016-04-11 00:00:37
2016-04-11 00:00:46,6.127999999999999,42.219.158.188,211.102.27.124,80,42878,TCP,.AP.S.,0,0,25,25912,blacklist,2016-04-11 00:00:46
2016-04-11 00:00:46,6.12,42.219.158.188,211.102.27.124,80,42877,TCP,.AP.S.,0,0,12,10849,blacklist,2016-04-11 00:00:46
2016-04-11 00:00:46,6.124,42.219.158.188,211.102.27.124,80,42876,TCP,.AP.S.,0,0,7,5036,blacklist,2016-04-11 00:00:46
2016-04-11 00:00:46,6.096,42.219.158.188,211.102.27.124,80,42879,TCP,.AP.S.,0,0,24,17129,blacklist,2016-04-11 00:00:46
2016-04-11 00:00:40,0.0,42.219.158.188,143.72.8.137,42337,53,UDP,.A....,0,0,2,128,blacklist,2016-04-11 00:00:40
2016-04-11 00:00:40,0.0,143.72.8.137,42.219.158.188,53,42337,UDP,.A....,0,0,2,238,blacklist,2016-04-11 00:00:40
2016-04-11 00:00:32,8.996,42.219.152.242,52.74.223.105,57049,25,TCP,....S.,0,0,3,180,blacklist,2016-04-11 00:00:32
2016-04-11 00:00:39,0.0,36.41.20.222,42.219.158.188,60270,53,UDP,.A....,0,40,1,69,blacklist,2016-04-11 00:00:39
2016-04-11 00:00:39,0.0,36.41.20.222,42.219.158.188,15394,53,UDP,.A....,0,40,1,65,blacklist,2016-04-11 00:00:39
2016-04-11 00:00:46,6.984,211.102.27.124,42.219.158.188,42875,80,TCP,.AP.S.,0,40,24,5514,blacklist,2016-04-11 00:00:46
2016-04-11 00:00:42,0.376,42.219.158.188,75.179.204.117,80,55349,TCP,.AP.SF,0,0,10,9480,blacklist,2016-04-11 00:00:42
2016-04-11 00:00:42,0.0,42.219.158.188,36.41.20.145,53,62179,UDP,.A....,0,0,1,173,blacklist,2016-04-11 00:00:42
2016-04-11 00:00:42,0.0,42.219.158.188,36.41.20.145,53,28236,UDP,.A....,0,0,1,155,blacklist,2016-04-11 00:00:42
2016-04-11 00:00:44,1.536,42.219.158.188,211.102.27.124,80,42883,TCP,.AP.S.,0,0,36,43565,blacklist,2016-04-11 00:00:44
2016-04-11 00:00:36,55.724,209.57.244.225,42.219.158.188,7573,80,TCP,.AP.S.,0,0,67,7931,blacklist,2016-04-11 00:00:36
2016-04-11 00:00:36,55.424,42.219.158.188,209.57.244.225,80,7573,TCP,.AP.S.,0,0,103,126795,blacklist,2016-04-11 00:00:36
2016-04-11 00:00:36,55.644,209.57.244.225,42.219.158.188,7575,80,TCP,.AP.S.,0,0,34,3901,blacklist,2016-04-11 00:00:36
2016-04-11 00:00:36,55.368,42.219.158.188,209.57.244.225,80,7575,TCP,.AP.S.,0,0,52,62438,blacklist,2016-04-11 00:00:36
2016-04-11 00:00:46,6.18,211.102.27.124,42.219.158.188,42876,80,TCP,.AP.S.,0,40,8,2255,blacklist,2016-04-11 00:00:46
2016-04-11 00:00:46,6.16,211.102.27.124,42.219.158.188,42877,80,TCP,.AP.S.,0,40,10,2852,blacklist,2016-04-11 00:00:46
2016-04-11 00:00:46,6.16,211.102.27.124,42.219.158.188,42878,80,TCP,.AP.S.,0,40,14,3607,blacklist,2016-04-11 00:00:46
2016-04-11 00:00:46,6.152,211.102.27.124,42.219.158.188,42879,80,TCP,.AP.S.,0,40,19,4949,blacklist,2016-04-11 00:00:46
2016-04-11 00:00:43,0.0,42.219.158.188,143.72.8.137,33291,53,UDP,.A....,0,0,2,128,blacklist,2016-04-11 00:00:43
2016-04-11 00:00:43,0.0,143.72.8.137,42.219.158.188,53,33291,UDP,.A....,0,0,2,238,blacklist,2016-04-11 00:00:43
2016-04-11 00:00:43,0.16,42.219.152.242,56.217.245.242,80,13458,TCP,.AP..F,0,0,3,486,blacklist,2016-04-11 00:00:43
2016-04-11 00:00:44,0.5920000000000001,42.219.158.188,217.205.127.214,80,56634,TCP,.AP.SF,0,0,6,841,blacklist,2016-04-11 00:00:44
2016-04-11 00:00:43,0.0,42.219.158.188,143.72.8.137,46244,53,UDP,.A....,0,0,2,128,blacklist,2016-04-11 00:00:43
2016-04-11 00:00:43,0.0,143.72.8.137,42.219.158.188,53,46244,UDP,.A....,0,0,2,238,blacklist,2016-04-11 00:00:43
2016-04-11 00:00:43,0.0,42.219.158.188,143.72.8.137,55446,53,UDP,.A....,0,0,2,128,blacklist,2016-04-11 00:00:43
2016-04-11 00:00:43,0.0,42.219.158.188,143.72.8.137,50844,53,UDP,.A....,0,0,2,128,blacklist,2016-04-11 00:00:43
2016-04-11 00:00:43,0.004,143.72.8.137,42.219.158.188,53,55446,UDP,.A....,0,0,2,238,blacklist,2016-04-11 00:00:43
2016-04-11 00:00:43,0.0,143.72.8.137,42.219.158.188,53,50844,UDP,.A....,0,0,2,238,blacklist,2016-04-11 00:00:43
2016-04-11 00:00:42,0.728,75.179.204.117,42.219.158.188,55349,80,TCP,.APRS.,0,72,12,760,blacklist,2016-04-11 00:00:42
2016-04-11 00:00:44,0.0,42.219.158.188,36.41.20.145,53,48986,UDP,.A....,0,0,1,157,blacklist,2016-04-11 00:00:44
2016-04-11 00:00:46,1.9080000000000001,42.219.158.188,211.102.27.124,80,42885,TCP,.AP.S.,0,0,5,2279,blacklist,2016-04-11 00:00:46
2016-04-11 00:00:42,0.0,36.41.20.145,42.219.158.188,62179,53,UDP,.A....,0,40,1,75,blacklist,2016-04-11 00:00:42
2016-04-11 00:00:42,0.0,36.41.20.145,42.219.158.188,28236,53,UDP,.A....,0,40,1,71,blacklist,2016-04-11 00:00:42
2016-04-11 00:00:44,1.608,211.102.27.124,42.219.158.188,42883,80,TCP,.AP.S.,0,40,17,2832,blacklist,2016-04-11 00:00:44
2016-04-11 00:00:44,0.596,217.205.127.214,42.219.158.188,56634,80,TCP,.AP.SF,0,40,6,580,blacklist,2016-04-11 00:00:44
2016-04-11 00:00:43,0.0,56.217.245.242,42.219.152.242,13458,80,TCP,.A...F,0,40,3,156,blacklist,2016-04-11 00:00:43
2016-04-11 00:00:44,0.0,36.41.20.145,42.219.158.188,48986,53,UDP,.A....,0,40,1,73,blacklist,2016-04-11 00:00:44
2016-04-11 00:00:46,1.9480000000000002,211.102.27.124,42.219.158.188,42885,80,TCP,.AP.S.,0,40,6,1650,blacklist,2016-04-11 00:00:46
2016-04-11 00:00:51,0.0,209.48.6.167,42.219.158.188,12813,53,UDP,.A....,0,0,1,69,blacklist,2016-04-11 00:00:51
2016-04-11 00:00:51,0.0,42.219.158.188,209.48.6.167,53,12813,UDP,.A....,0,0,1,167,blacklist,2016-04-11 00:00:51
2016-04-11 00:00:51,0.0,209.48.6.167,42.219.158.188,47643,53,UDP,.A....,0,0,1,65,blacklist,2016-04-11 00:00:51
2016-04-11 00:00:51,0.0,42.219.158.188,209.48.6.167,53,47643,UDP,.A....,0,0,1,149,blacklist,2016-04-11 00:00:51
2016-04-11 00:00:54,0.0,42.219.158.188,143.72.8.137,35844,53,UDP,.A....,0,0,1,72,blacklist,2016-04-11 00:00:54
2016-04-11 00:00:54,0.0,143.72.8.137,42.219.158.188,53,35844,UDP,.A....,0,0,1,107,blacklist,2016-04-11 00:00:54
2016-04-11 00:00:54,0.0,42.219.158.188,143.72.8.137,41663,53,UDP,.A....,0,0,1,67,blacklist,2016-04-11 00:00:54
2016-04-11 00:00:55,0.0,143.72.8.137,42.219.158.188,53,41663,UDP,.A....,0,0,1,83,blacklist,2016-04-11 00:00:55
2016-04-11 00:00:56,0.37200000000000005,42.219.158.188,75.179.204.104,80,26215,TCP,.AP.SF,0,0,12,12667,blacklist,2016-04-11 00:00:56
2016-04-11 00:00:46,6.916,42.219.158.188,211.102.27.124,80,42875,TCP,.AP.S.,0,0,31,32237,blacklist,2016-04-11 00:00:46
2016-04-11 00:00:56,0.0,42.219.158.188,143.72.8.137,32788,53,UDP,.A....,0,0,2,128,blacklist,2016-04-11 00:00:56
2016-04-11 00:00:56,0.0,143.72.8.137,42.219.158.188,53,32788,UDP,.A....,0,0,2,238,blacklist,2016-04-11 00:00:56
2016-04-11 00:00:56,0.0,42.219.158.188,143.72.8.137,47249,53,UDP,.A....,0,0,2,128,blacklist,2016-04-11 00:00:56
2016-04-11 00:00:56,0.0,143.72.8.137,42.219.158.188,53,47249,UDP,.A....,0,0,2,238,blacklist,2016-04-11 00:00:56
2016-04-11 00:01:02,84.196,42.219.158.188,209.57.244.225,80,7554,TCP,.AP.S.,0,0,60,31705,blacklist,2016-04-11 00:01:02
2016-04-11 00:01:02,83.944,42.219.158.188,209.57.244.225,80,7555,TCP,.AP.S.,0,0,131,121586,blacklist,2016-04-11 00:01:02
2016-04-11 00:01:02,83.884,42.219.158.188,209.57.244.225,80,7556,TCP,.AP.S.,0,0,45,7043,blacklist,2016-04-11 00:01:02
2016-04-11 00:01:02,83.96799999999999,42.219.158.188,209.57.244.225,80,7557,TCP,.AP.S.,0,0,121,104878,blacklist,2016-04-11 00:01:02
2016-04-11 00:01:02,83.76,209.57.244.225,42.219.158.188,7558,80,TCP,.AP.S.,0,0,53,17806,blacklist,2016-04-11 00:01:02
2016-04-11 00:01:02,83.492,42.219.158.188,209.57.244.225,80,7558,TCP,.AP.S.,0,0,72,51887,blacklist,2016-04-11 00:01:02
2016-04-11 00:00:57,0.0,42.219.158.188,143.72.8.137,35644,53,UDP,.A....,0,0,2,128,blacklist,2016-04-11 00:00:57
2016-04-11 00:00:57,0.0,143.72.8.137,42.219.158.188,53,35644,UDP,.A....,0,0,2,238,blacklist,2016-04-11 00:00:57
2016-04-11 00:00:57,0.0,42.219.158.188,143.72.8.137,53182,53,UDP,.A....,0,0,2,128,blacklist,2016-04-11 00:00:57
2016-04-11 00:00:57,0.0,42.219.158.188,143.72.8.137,53775,53,UDP,.A....,0,0,2,128,blacklist,2016-04-11 00:00:57
2016-04-11 00:00:56,0.732,75.179.204.104,42.219.158.188,26215,80,TCP,.APRS.,0,72,14,840,blacklist,2016-04-11 00:00:56
2016-04-11 00:00:57,0.004,143.72.8.137,42.219.158.188,53,53182,UDP,.A....,0,0,2,238,blacklist,2016-04-11 00:00:57
2016-04-11 00:00:57,0.0,42.219.158.188,143.72.8.137,45307,53,UDP,.A....,0,0,2,128,blacklist,2016-04-11 00:00:57
2016-04-11 00:00:57,0.004,143.72.8.137,42.219.158.188,53,53775,UDP,.A....,0,0,2,238,blacklist,2016-04-11 00:00:57
2016-04-11 00:00:57,0.0,143.72.8.137,42.219.158.188,53,45307,UDP,.A....,0,0,2,238,blacklist,2016-04-11 00:00:57
2016-04-11 00:01:03,84.064,209.57.244.225,42.219.158.188,7560,80,TCP,.AP.S.,0,0,56,18906,blacklist,2016-04-11 00:01:03
2016-04-11 00:01:02,83.8,42.219.158.188,209.57.244.225,80,7560,TCP,.AP.S.,0,0,76,57165,blacklist,2016-04-11 00:01:02
2016-04-11 00:00:58,0.156,42.219.157.222,52.74.223.105,14560,80,TCP,.AP.S.,0,0,3,287,blacklist,2016-04-11 00:00:58
2016-04-11 00:00:58,0.156,52.74.223.105,42.219.157.222,80,14560,TCP,.A.RS.,0,40,2,88,blacklist,2016-04-11 00:00:58
2016-04-11 00:01:01,0.368,218.58.221.238,42.219.158.188,48206,80,TCP,.AP...,0,0,31,4684,blacklist,2016-04-11 00:01:01
2016-04-11 00:01:01,1.068,218.58.221.238,42.219.158.188,48207,80,TCP,.AP...,0,0,5,1028,blacklist,2016-04-11 00:01:01
2016-04-11 00:01:01,0.308,42.219.158.188,218.58.221.238,80,48206,TCP,.AP...,0,0,45,54979,blacklist,2016-04-11 00:01:01
2016-04-11 00:01:01,1.068,218.58.221.238,42.219.158.188,48205,80,TCP,.AP...,0,0,6,1080,blacklist,2016-04-11 00:01:01
2016-04-11 00:01:01,0.316,218.58.221.238,42.219.158.188,48208,80,TCP,.AP...,0,0,24,3552,blacklist,2016-04-11 00:01:01
2016-04-11 00:01:01,1.128,218.58.221.238,42.219.158.188,48187,80,TCP,.AP...,0,0,3,924,blacklist,2016-04-11 00:01:01
2016-04-11 00:01:01,0.244,42.219.158.188,218.58.221.238,80,48208,TCP,.AP...,0,0,33,39373,blacklist,2016-04-11 00:01:01
2016-04-11 00:01:01,0.972,42.219.158.188,218.58.221.238,80,48207,TCP,.AP...,0,0,9,9516,blacklist,2016-04-11 00:01:01
2016-04-11 00:01:01,0.976,42.219.158.188,218.58.221.238,80,48205,TCP,.AP...,0,0,11,12551,blacklist,2016-04-11 00:01:01
2016-04-11 00:01:01,1.032,42.219.158.188,218.58.221.238,80,48187,TCP,.AP...,0,0,11,12460,blacklist,2016-04-11 00:01:01
2016-04-11 00:00:53,9.0,42.219.152.242,52.74.223.105,57062,25,TCP,....S.,0,0,3,180,blacklist,2016-04-11 00:00:53
2016-04-11 00:01:06,20.991999999999997,42.219.153.219,32.73.172.74,43871,25,TCP,....S.,0,0,4,240,blacklist,2016-04-11 00:01:06
2016-04-11 00:01:02,0.0,42.219.158.188,143.72.8.137,49430,53,UDP,.A....,0,0,2,128,blacklist,2016-04-11 00:01:02
2016-04-11 00:01:02,0.0,143.72.8.137,42.219.158.188,53,49430,UDP,.A....,0,0,2,238,blacklist,2016-04-11 00:01:02
2016-04-11 00:01:02,0.0,42.219.158.188,143.72.8.137,55639,53,UDP,.A....,0,0,2,128,blacklist,2016-04-11 00:01:02
2016-04-11 00:01:02,0.004,42.219.158.188,143.72.8.137,37252,53,UDP,.A....,0,0,2,128,blacklist,2016-04-11 00:01:02
2016-04-11 00:01:02,0.0,42.219.158.188,143.72.8.137,51019,53,UDP,.A....,0,0,2,128,blacklist,2016-04-11 00:01:02
2016-04-11 00:01:02,0.0,42.219.158.188,143.72.8.137,51056,53,UDP,.A....,0,0,2,128,blacklist,2016-04-11 00:01:02
2016-04-11 00:01:02,0.0,143.72.8.137,42.219.158.188,53,55639,UDP,.A....,0,0,2,238,blacklist,2016-04-11 00:01:02
2016-04-11 00:01:02,0.0,143.72.8.137,42.219.158.188,53,37252,UDP,.A....,0,0,2,238,blacklist,2016-04-11 00:01:02
2016-04-11 00:01:02,0.0,143.72.8.137,42.219.158.188,53,51019,UDP,.A....,0,0,2,238,blacklist,2016-04-11 00:01:02
2016-04-11 00:01:02,0.0,143.72.8.137,42.219.158.188,53,51056,UDP,.A....,0,0,2,238,blacklist,2016-04-11 00:01:02
2016-04-11 00:01:03,0.29600000000000004,209.57.244.225,42.219.158.188,7574,80,TCP,.AP...,0,0,6,669,blacklist,2016-04-11 00:01:03
2016-04-11 00:01:03,0.0,42.219.158.188,209.57.244.225,80,7574,TCP,.AP...,0,0,9,12134,blacklist,2016-04-11 00:01:03
2016-04-11 00:01:03,0.28800000000000003,209.57.244.225,42.219.158.188,7573,80,TCP,.AP...,0,0,6,669,blacklist,2016-04-11 00:01:03
2016-04-11 00:01:03,0.004,42.219.158.188,209.57.244.225,80,7573,TCP,.AP...,0,0,9,12093,blacklist,2016-04-11 00:01:03
2016-04-11 00:01:03,0.156,42.219.157.222,52.74.223.105,14561,80,TCP,.AP.S.,0,0,3,289,blacklist,2016-04-11 00:01:03
2016-04-11 00:01:04,0.156,52.74.223.105,42.219.157.222,80,14561,TCP,.A.RS.,0,40,2,88,blacklist,2016-04-11 00:01:04
2016-04-11 00:01:07,0.06,165.1.200.240,42.219.158.188,53530,22,TCP,.AP...,0,8,2,168,blacklist,2016-04-11 00:01:07
2016-04-11 00:01:07,0.0,42.219.158.188,165.1.200.240,22,53530,TCP,.AP...,0,0,1,84,blacklist,2016-04-11 00:01:07
2016-04-11 00:01:07,0.128,42.219.158.188,194.233.64.44,80,61990,TCP,.A...F,0,0,2,104,blacklist,2016-04-11 00:01:07
2016-04-11 00:01:07,0.0,194.233.64.44,42.219.158.188,61990,80,TCP,.A...F,0,0,1,52,blacklist,2016-04-11 00:01:07
2016-04-11 00:01:08,0.132,42.219.158.188,194.233.64.153,80,45164,TCP,.A...F,0,0,2,104,blacklist,2016-04-11 00:01:08
2016-04-11 00:01:08,0.0,194.233.64.153,42.219.158.188,45164,80,TCP,.A...F,0,0,1,52,blacklist,2016-04-11 00:01:08
2016-04-11 00:01:08,0.132,42.219.158.188,194.233.64.185,80,38922,TCP,.A...F,0,0,2,104,blacklist,2016-04-11 00:01:08
2016-04-11 00:01:08,0.0,194.233.64.185,42.219.158.188,38922,80,TCP,.A...F,0,0,1,52,blacklist,2016-04-11 00:01:08
2016-04-11 00:01:09,0.0,42.219.158.188,71.142.228.196,53,65365,UDP,.A....,0,0,1,156,blacklist,2016-04-11 00:01:09
2016-04-11 00:01:09,0.38799999999999996,42.219.158.188,75.179.204.244,80,17494,TCP,.AP.SF,0,0,10,9246,blacklist,2016-04-11 00:01:09
2016-04-11 00:01:09,0.0,71.142.228.196,42.219.158.188,65365,53,UDP,.A....,0,72,1,58,blacklist,2016-04-11 00:01:09
2016-04-11 00:01:10,0.728,75.179.204.244,42.219.158.188,17494,80,TCP,.APRS.,0,72,12,760,blacklist,2016-04-11 00:01:10
2016-04-11 00:01:10,0.0,42.219.158.188,32.95.166.227,53,42972,UDP,.A....,0,0,1,173,blacklist,2016-04-11 00:01:10
2016-04-11 00:01:02,7.236000000000001,218.58.221.238,42.219.158.188,48209,80,TCP,.AP...,0,0,48,5670,blacklist,2016-04-11 00:01:02
2016-04-11 00:01:01,7.18,42.219.158.188,218.58.221.238,80,48209,TCP,.AP...,0,0,56,69440,blacklist,2016-04-11 00:01:01
2016-04-11 00:01:10,0.0,32.95.166.227,42.219.158.188,42972,53,UDP,.A....,0,40,1,68,blacklist,2016-04-11 00:01:10
2016-04-11 00:01:16,3.384,219.101.91.182,42.219.158.188,59070,80,TCP,.AP.SF,0,0,9,921,blacklist,2016-04-11 00:01:16
2016-04-11 00:01:16,3.2680000000000002,42.219.158.188,219.101.91.182,80,59070,TCP,.AP.SF,0,0,11,10268,blacklist,2016-04-11 00:01:16
2016-04-11 00:01:16,3.384,219.101.91.182,42.219.158.188,59071,80,TCP,.AP.SF,0,0,8,881,blacklist,2016-04-11 00:01:16
2016-04-11 00:01:16,3.2560000000000002,42.219.158.188,219.101.91.182,80,59071,TCP,.AP.SF,0,0,10,8244,blacklist,2016-04-11 00:01:16
2016-04-11 00:01:16,0.628,42.219.158.188,111.189.83.74,25,59525,TCP,.A..SF,0,0,3,132,blacklist,2016-04-11 00:01:16
2016-04-11 00:01:16,0.0,42.219.158.188,143.72.8.137,53261,53,UDP,.A....,0,0,1,72,blacklist,2016-04-11 00:01:16
2016-04-11 00:01:16,0.0,143.72.8.137,42.219.158.188,53,53261,UDP,.A....,0,0,1,72,blacklist,2016-04-11 00:01:16
2016-04-11 00:01:16,0.0,42.219.158.188,143.72.4.250,43520,53,UDP,.A....,0,0,1,72,blacklist,2016-04-11 00:01:16
2016-04-11 00:01:16,0.0,143.72.4.250,42.219.158.188,53,43520,UDP,.A....,0,0,1,72,blacklist,2016-04-11 00:01:16
2016-04-11 00:01:16,0.0,42.219.158.188,143.72.8.137,34145,53,UDP,.A....,0,0,1,72,blacklist,2016-04-11 00:01:16
2016-04-11 00:01:16,0.56,111.189.83.74,42.219.158.188,59525,25,TCP,.AP.S.,0,42,5,264,blacklist,2016-04-11 00:01:16
2016-04-11 00:01:17,0.628,111.189.83.74,42.219.158.188,59525,25,TCP,.A...F,0,40,3,120,blacklist,2016-04-11 00:01:17
2016-04-11 00:01:16,0.0,143.72.8.137,42.219.158.188,53,34145,UDP,.A....,0,0,1,72,blacklist,2016-04-11 00:01:16
2016-04-11 00:01:16,0.0,42.219.158.188,143.72.4.250,55928,53,UDP,.A....,0,0,1,72,blacklist,2016-04-11 00:01:16
2016-04-11 00:01:16,0.0,143.72.4.250,42.219.158.188,53,55928,UDP,.A....,0,0,1,72,blacklist,2016-04-11 00:01:16
2016-04-11 00:01:16,0.264,42.219.158.188,111.189.83.74,25,59525,TCP,.AP...,0,2,5,525,blacklist,2016-04-11 00:01:16
2016-04-11 00:01:18,0.08800000000000001,211.102.27.124,42.219.158.188,42875,80,TCP,.AP...,0,40,2,801,blacklist,2016-04-11 00:01:18
2016-04-11 00:01:18,0.49200000000000005,194.233.64.168,42.219.158.188,57036,80,TCP,.AP.S.,0,0,17,1247,blacklist,2016-04-11 00:01:18
2016-04-11 00:01:17,0.368,42.219.158.188,194.233.64.168,80,57036,TCP,.AP.S.,0,0,17,20976,blacklist,2016-04-11 00:01:17
2016-04-11 00:01:18,0.0,42.219.158.188,211.102.27.124,80,42875,TCP,.AP...,0,0,1,491,blacklist,2016-04-11 00:01:18
2016-04-11 00:01:19,0.0,42.219.158.188,143.72.8.137,38737,53,UDP,.A....,0,0,2,128,blacklist,2016-04-11 00:01:19
2016-04-11 00:01:19,0.004,143.72.8.137,42.219.158.188,53,38737,UDP,.A....,0,0,2,238,blacklist,2016-04-11 00:01:19
2016-04-11 00:01:19,0.0,42.219.158.188,143.72.8.137,52821,53,UDP,.A....,0,0,2,128,blacklist,2016-04-11 00:01:19
2016-04-11 00:01:19,0.0,42.219.158.188,143.72.8.137,43435,53,UDP,.A....,0,0,2,128,blacklist,2016-04-11 00:01:19
2016-04-11 00:01:19,0.0,42.219.158.188,143.72.8.137,34842,53,UDP,.A....,0,0,2,128,blacklist,2016-04-11 00:01:19
2016-04-11 00:01:19,0.0,143.72.8.137,42.219.158.188,53,52821,UDP,.A....,0,0,2,238,blacklist,2016-04-11 00:01:19
2016-04-11 00:01:19,0.0,143.72.8.137,42.219.158.188,53,43435,UDP,.A....,0,0,2,238,blacklist,2016-04-11 00:01:19
2016-04-11 00:01:19,0.0,42.219.158.188,143.72.8.137,42586,53,UDP,.A....,0,0,2,128,blacklist,2016-04-11 00:01:19
2016-04-11 00:01:19,0.0,143.72.8.137,42.219.158.188,53,34842,UDP,.A....,0,0,2,238,blacklist,2016-04-11 00:01:19
2016-04-11 00:01:19,0.004,143.72.8.137,42.219.158.188,53,42586,UDP,.A....,0,0,2,238,blacklist,2016-04-11 00:01:19
2016-04-11 00:01:19,0.0,42.219.158.188,143.72.8.137,43341,53,UDP,.A....,0,0,2,128,blacklist,2016-04-11 00:01:19
2016-04-11 00:01:19,0.0,42.219.158.188,143.72.8.137,34063,53,UDP,.A....,0,0,2,128,blacklist,2016-04-11 00:01:19
2016-04-11 00:01:19,0.0,42.219.158.188,143.72.8.137,52718,53,UDP,.A....,0,0,2,128,blacklist,2016-04-11 00:01:19
2016-04-11 00:01:19,0.0,143.72.8.137,42.219.158.188,53,43341,UDP,.A....,0,0,2,238,blacklist,2016-04-11 00:01:19
2016-04-11 00:01:19,0.0,143.72.8.137,42.219.158.188,53,34063,UDP,.A....,0,0,2,238,blacklist,2016-04-11 00:01:19
2016-04-11 00:01:19,0.004,42.219.158.188,143.72.8.137,47865,53,UDP,.A....,0,0,2,128,blacklist,2016-04-11 00:01:19
2016-04-11 00:01:19,0.0,143.72.8.137,42.219.158.188,53,52718,UDP,.A....,0,0,2,238,blacklist,2016-04-11 00:01:19
2016-04-11 00:01:19,0.0,143.72.8.137,42.219.158.188,53,47865,UDP,.A....,0,0,2,238,blacklist,2016-04-11 00:01:19
2016-04-11 00:01:19,0.0,42.219.158.188,143.72.8.137,51063,53,UDP,.A....,0,0,2,128,blacklist,2016-04-11 00:01:19
2016-04-11 00:01:19,0.0,143.72.8.137,42.219.158.188,53,51063,UDP,.A....,0,0,2,238,blacklist,2016-04-11 00:01:19
2016-04-11 00:01:22,2.228,44.24.29.113,42.219.158.188,65328,80,TCP,.AP.SF,0,40,7,620,blacklist,2016-04-11 00:01:22
2016-04-11 00:01:21,1.1440000000000001,42.219.158.188,44.24.29.113,80,65328,TCP,.AP.SF,0,0,6,841,blacklist,2016-04-11 00:01:21
2016-04-11 00:01:20,0.004,42.219.158.188,143.72.8.137,57255,53,UDP,.A....,0,0,2,128,blacklist,2016-04-11 00:01:20
2016-04-11 00:01:20,0.0,42.219.158.188,143.72.8.137,59471,53,UDP,.A....,0,0,2,128,blacklist,2016-04-11 00:01:20
2016-04-11 00:01:20,0.0,143.72.8.137,42.219.158.188,53,57255,UDP,.A....,0,0,2,238,blacklist,2016-04-11 00:01:20
2016-04-11 00:01:20,0.0,143.72.8.137,42.219.158.188,53,59471,UDP,.A....,0,0,2,238,blacklist,2016-04-11 00:01:20
2016-04-11 00:01:24,0.7879999999999999,75.179.204.118,42.219.158.188,57969,80,TCP,.APRS.,0,72,10,680,blacklist,2016-04-11 00:01:24
2016-04-11 00:01:23,0.40399999999999997,42.219.158.188,75.179.204.118,80,57969,TCP,.AP.SF,0,0,8,7512,blacklist,2016-04-11 00:01:23
2016-04-11 00:01:25,0.892,106.150.228.175,42.219.158.188,16178,80,TCP,.AP.S.,0,42,3,763,blacklist,2016-04-11 00:01:25
2016-04-11 00:01:26,1.1159999999999999,106.150.228.175,42.219.158.188,16178,80,TCP,.A...F,0,40,18,720,blacklist,2016-04-11 00:01:26
2016-04-11 00:01:26,1.12,42.219.158.188,106.150.228.175,80,16178,TCP,.A..SF,0,0,4,168,blacklist,2016-04-11 00:01:26
2016-04-11 00:01:26,0.616,42.219.158.188,106.150.228.175,80,16178,TCP,.AP...,0,2,29,40082,blacklist,2016-04-11 00:01:26
2016-04-11 00:01:27,0.184,106.150.228.175,42.219.158.188,17981,80,TCP,.AP.S.,0,42,2,415,blacklist,2016-04-11 00:01:27
2016-04-11 00:01:28,0.652,106.150.228.175,42.219.158.188,17981,80,TCP,.A...F,0,40,10,400,blacklist,2016-04-11 00:01:28
2016-04-11 00:01:28,0.6559999999999999,42.219.158.188,106.150.228.175,80,17981,TCP,.A..SF,0,0,3,128,blacklist,2016-04-11 00:01:28
2016-04-11 00:01:28,0.192,42.219.158.188,106.150.228.175,80,17981,TCP,.AP...,0,2,14,20125,blacklist,2016-04-11 00:01:28
2016-04-11 00:01:28,0.0,42.219.158.188,143.72.8.137,48323,53,UDP,.A....,0,0,2,128,blacklist,2016-04-11 00:01:28
2016-04-11 00:01:28,0.004,143.72.8.137,42.219.158.188,53,48323,UDP,.A....,0,0,2,238,blacklist,2016-04-11 00:01:28
2016-04-11 00:01:28,0.0,42.219.158.188,143.72.8.137,47275,53,UDP,.A....,0,0,2,128,blacklist,2016-04-11 00:01:28
2016-04-11 00:01:28,0.0,42.219.158.188,143.72.8.137,50545,53,UDP,.A....,0,0,2,128,blacklist,2016-04-11 00:01:28
2016-04-11 00:01:28,0.0,42.219.158.188,143.72.8.137,59207,53,UDP,.A....,0,0,2,128,blacklist,2016-04-11 00:01:28
2016-04-11 00:01:28,0.0,143.72.8.137,42.219.158.188,53,47275,UDP,.A....,0,0,2,238,blacklist,2016-04-11 00:01:28
2016-04-11 00:01:28,0.0,42.219.158.188,143.72.8.137,38037,53,UDP,.A....,0,0,2,128,blacklist,2016-04-11 00:01:28
2016-04-11 00:01:28,0.0,143.72.8.137,42.219.158.188,53,50545,UDP,.A....,0,0,2,238,blacklist,2016-04-11 00:01:28
2016-04-11 00:01:28,0.0,42.219.158.188,143.72.8.137,42341,53,UDP,.A....,0,0,2,128,blacklist,2016-04-11 00:01:28
2016-04-11 00:01:28,0.004,143.72.8.137,42.219.158.188,53,59207,UDP,.A....,0,0,2,238,blacklist,2016-04-11 00:01:28
2016-04-11 00:01:28,0.0,143.72.8.137,42.219.158.188,53,38037,UDP,.A....,0,0,2,238,blacklist,2016-04-11 00:01:28
2016-04-11 00:01:28,0.0,143.72.8.137,42.219.158.188,53,42341,UDP,.A....,0,0,2,238,blacklist,2016-04-11 00:01:28
2016-04-11 00:01:28,0.0,42.219.158.188,143.72.8.137,59225,53,UDP,.A....,0,0,2,128,blacklist,2016-04-11 00:01:28
2016-04-11 00:01:28,0.004,42.219.158.188,143.72.8.137,36593,53,UDP,.A....,0,0,2,128,blacklist,2016-04-11 00:01:28
2016-04-11 00:01:28,0.0,42.219.158.188,143.72.8.137,58468,53,UDP,.A....,0,0,2,128,blacklist,2016-04-11 00:01:28
2016-04-11 00:01:28,0.0,143.72.8.137,42.219.158.188,53,59225,UDP,.A....,0,0,2,238,blacklist,2016-04-11 00:01:28
2016-04-11 00:01:28,0.0,42.219.158.188,143.72.8.137,38441,53,UDP,.A....,0,0,2,128,blacklist,2016-04-11 00:01:28
2016-04-11 00:01:28,0.0,42.219.158.188,143.72.8.137,52991,53,UDP,.A....,0,0,2,128,blacklist,2016-04-11 00:01:28
2016-04-11 00:01:29,0.0,143.72.8.137,42.219.158.188,53,36593,UDP,.A....,0,0,2,238,blacklist,2016-04-11 00:01:29
2016-04-11 00:01:29,0.0,143.72.8.137,42.219.158.188,53,58468,UDP,.A....,0,0,2,238,blacklist,2016-04-11 00:01:29
2016-04-11 00:01:29,0.0,143.72.8.137,42.219.158.188,53,38441,UDP,.A....,0,0,2,238,blacklist,2016-04-11 00:01:29
2016-04-11 00:01:29,0.0,143.72.8.137,42.219.158.188,53,52991,UDP,.A....,0,0,2,238,blacklist,2016-04-11 00:01:29
2016-04-11 00:01:29,0.08800000000000001,209.57.244.225,42.219.158.188,7573,80,TCP,.AP...,0,0,5,644,blacklist,2016-04-11 00:01:29
2016-04-11 00:01:29,0.0,42.219.158.188,209.57.244.225,80,7573,TCP,.AP...,0,0,8,10120,blacklist,2016-04-11 00:01:29
2016-04-11 00:01:30,0.0,197.34.211.202,42.219.158.188,57954,443,TCP,.APR..,0,40,2,141,blacklist,2016-04-11 00:01:30
2016-04-11 00:01:29,0.652,207.206.195.181,42.219.158.188,59680,25,TCP,.AP.SF,0,0,6,337,blacklist,2016-04-11 00:01:29
2016-04-11 00:01:29,0.652,42.219.158.188,207.206.195.181,25,59680,TCP,.AP.SF,0,0,7,463,blacklist,2016-04-11 00:01:29
2016-04-11 00:01:29,0.0,42.219.158.188,143.72.8.137,45911,53,UDP,.A....,0,0,1,71,blacklist,2016-04-11 00:01:29
2016-04-11 00:01:29,0.0,143.72.8.137,42.219.158.188,53,45911,UDP,.A....,0,0,1,101,blacklist,2016-04-11 00:01:29
2016-04-11 00:01:29,0.0,42.219.158.188,143.72.8.137,38949,53,UDP,.A....,0,0,1,62,blacklist,2016-04-11 00:01:29
2016-04-11 00:01:29,0.0,143.72.8.137,42.219.158.188,53,38949,UDP,.A....,0,0,1,78,blacklist,2016-04-11 00:01:29
2016-04-11 00:01:29,0.0,42.219.158.188,143.72.8.137,34227,53,UDP,.A....,0,0,2,128,blacklist,2016-04-11 00:01:29
2016-04-11 00:01:29,0.0,143.72.8.137,42.219.158.188,53,34227,UDP,.A....,0,0,2,238,blacklist,2016-04-11 00:01:29
2016-04-11 00:01:30,0.0,207.206.195.181,42.219.158.188,59680,25,TCP,...R..,0,8,3,120,blacklist,2016-04-11 00:01:30
2016-04-11 00:01:30,0.34,213.30.31.135,42.219.158.188,37240,80,TCP,.AP.SF,0,0,6,461,blacklist,2016-04-11 00:01:30
2016-04-11 00:01:30,0.28800000000000003,42.219.158.188,213.30.31.135,80,37240,TCP,.AP.SF,0,0,4,710,blacklist,2016-04-11 00:01:30
2016-04-11 00:01:30,0.22399999999999998,213.30.31.135,42.219.158.188,37283,80,TCP,.AP.SF,0,0,16,985,blacklist,2016-04-11 00:01:30
2016-04-11 00:01:30,0.18,42.219.158.188,213.30.31.135,80,37283,TCP,.AP.SF,0,0,14,14325,blacklist,2016-04-11 00:01:30
2016-04-11 00:01:31,0.564,194.233.64.166,42.219.158.188,65079,80,TCP,.AP.S.,0,0,19,1334,blacklist,2016-04-11 00:01:31
2016-04-11 00:01:31,0.436,42.219.158.188,194.233.64.166,80,65079,TCP,.AP.S.,0,0,18,23169,blacklist,2016-04-11 00:01:31
2016-04-11 00:01:36,20.984,42.219.153.219,32.73.173.38,46971,25,TCP,....S.,0,0,4,240,blacklist,2016-04-11 00:01:36
2016-04-11 00:01:39,1.176,63.137.85.166,42.219.152.254,25,2788,TCP,.A.R..,0,40,3,120,blacklist,2016-04-11 00:01:39
2016-04-11 00:01:37,0.652,218.58.221.238,42.219.158.188,48209,80,TCP,.AP...,0,0,13,1491,blacklist,2016-04-11 00:01:37
2016-04-11 00:01:36,0.54,42.219.158.188,218.58.221.238,80,48209,TCP,.AP...,0,0,13,16305,blacklist,2016-04-11 00:01:36
2016-04-11 00:01:29,8.196,209.57.244.225,42.219.158.188,7575,80,TCP,.AP...,0,0,7,725,blacklist,2016-04-11 00:01:29
2016-04-11 00:01:29,7.9239999999999995,42.219.158.188,209.57.244.225,80,7575,TCP,.AP...,0,0,11,11677,blacklist,2016-04-11 00:01:29
2016-04-11 00:01:39,1.176,42.219.152.254,63.137.85.166,2788,25,TCP,....S.,0,0,3,144,blacklist,2016-04-11 00:01:39
2016-04-11 00:01:38,0.068,165.1.200.240,42.219.158.188,53530,22,TCP,.AP...,0,8,2,168,blacklist,2016-04-11 00:01:38
2016-04-11 00:01:38,0.0,42.219.158.188,165.1.200.240,22,53530,TCP,.AP...,0,0,1,84,blacklist,2016-04-11 00:01:38
2016-04-11 00:01:38,0.0,204.97.45.176,42.219.158.188,46756,53,UDP,.A....,0,0,1,80,blacklist,2016-04-11 00:01:38
2016-04-11 00:01:38,0.0,42.219.158.188,204.97.45.176,53,46756,UDP,.A....,0,0,1,167,blacklist,2016-04-11 00:01:38
2016-04-11 00:01:39,0.0,204.97.46.248,42.219.158.188,62325,53,UDP,.A....,0,0,1,55,blacklist,2016-04-11 00:01:39
2016-04-11 00:01:39,0.0,42.219.158.188,204.97.46.248,53,62325,UDP,.A....,0,0,1,160,blacklist,2016-04-11 00:01:39
2016-04-11 00:01:39,0.004,42.219.158.188,143.72.8.137,51768,53,UDP,.A....,0,0,2,128,blacklist,2016-04-11 00:01:39
2016-04-11 00:01:39,0.0,143.72.8.137,42.219.158.188,53,51768,UDP,.A....,0,0,2,238,blacklist,2016-04-11 00:01:39
2016-04-11 00:01:39,0.0,204.97.46.116,42.219.158.188,60551,53,UDP,.A....,0,0,1,60,blacklist,2016-04-11 00:01:39
2016-04-11 00:01:40,0.0,42.219.158.188,204.97.46.116,53,60551,UDP,.A....,0,0,1,128,blacklist,2016-04-11 00:01:40
2016-04-11 00:01:41,1.368,204.97.92.100,42.219.158.188,34540,25,TCP,.APRSF,0,0,23,5798,blacklist,2016-04-11 00:01:41
2016-04-11 00:01:41,1.3159999999999998,42.219.158.188,204.97.92.100,25,34540,TCP,.AP.SF,0,0,18,2978,blacklist,2016-04-11 00:01:41
2016-04-11 00:01:40,0.0,42.219.158.188,143.72.8.137,33674,53,UDP,.A....,0,0,1,71,blacklist,2016-04-11 00:01:40
2016-04-11 00:01:40,0.0,143.72.8.137,42.219.158.188,53,33674,UDP,.A....,0,0,1,108,blacklist,2016-04-11 00:01:40
2016-04-11 00:01:40,0.0,42.219.158.188,143.72.8.137,54424,53,UDP,.A....,0,0,1,69,blacklist,2016-04-11 00:01:40
2016-04-11 00:01:40,0.0,143.72.8.137,42.219.158.188,53,54424,UDP,.A....,0,0,1,85,blacklist,2016-04-11 00:01:40
2016-04-11 00:01:40,0.0,42.219.158.188,143.72.8.137,55374,53,UDP,.A....,0,0,1,75,blacklist,2016-04-11 00:01:40
2016-04-11 00:01:40,0.0,143.72.8.137,42.219.158.188,53,55374,UDP,.A....,0,0,1,139,blacklist,2016-04-11 00:01:40
2016-04-11 00:01:40,0.0,42.219.158.188,143.72.8.137,45330,53,UDP,.A....,0,0,1,73,blacklist,2016-04-11 00:01:40
2016-04-11 00:01:40,0.0,143.72.8.137,42.219.158.188,53,45330,UDP,.A....,0,0,1,126,blacklist,2016-04-11 00:01:40
2016-04-11 00:01:40,0.0,42.219.158.188,143.72.8.137,59805,53,UDP,.A....,0,0,1,75,blacklist,2016-04-11 00:01:40
2016-04-11 00:01:40,0.0,143.72.8.137,42.219.158.188,53,59805,UDP,.A....,0,0,1,124,blacklist,2016-04-11 00:01:40
2016-04-11 00:01:41,1.088,42.202.105.222,42.219.158.188,20918,80,TCP,.AP.S.,0,0,5,630,blacklist,2016-04-11 00:01:41
2016-04-11 00:01:41,0.884,42.219.158.188,42.202.105.222,80,20918,TCP,.AP.S.,0,0,4,810,blacklist,2016-04-11 00:01:41
2016-04-11 00:01:40,0.0,42.219.158.188,143.72.8.137,36478,53,UDP,.A....,0,0,1,55,blacklist,2016-04-11 00:01:40
2016-04-11 00:01:40,0.0,143.72.8.137,42.219.158.188,53,36478,UDP,.A....,0,0,1,112,blacklist,2016-04-11 00:01:40
2016-04-11 00:01:40,0.0,42.219.158.188,143.72.8.137,50945,53,UDP,.A....,0,0,1,55,blacklist,2016-04-11 00:01:40
2016-04-11 00:01:40,0.0,143.72.8.137,42.219.158.188,53,50945,UDP,.A....,0,0,1,99,blacklist,2016-04-11 00:01:40
2016-04-11 00:01:41,0.0,42.219.158.188,143.72.8.137,55841,53,UDP,.A....,0,0,1,61,blacklist,2016-04-11 00:01:41
2016-04-11 00:01:41,0.0,42.219.158.188,143.72.8.137,60348,53,UDP,.A....,0,0,2,128,blacklist,2016-04-11 00:01:41
2016-04-11 00:01:41,0.0,143.72.8.137,42.219.158.188,53,55841,UDP,.A....,0,0,1,111,blacklist,2016-04-11 00:01:41
2016-04-11 00:01:41,0.0,42.219.158.188,143.72.8.137,46451,53,UDP,.A....,0,0,1,61,blacklist,2016-04-11 00:01:41
2016-04-11 00:01:41,0.0,143.72.8.137,42.219.158.188,53,60348,UDP,.A....,0,0,2,238,blacklist,2016-04-11 00:01:41
2016-04-11 00:01:41,0.0,143.72.8.137,42.219.158.188,53,46451,UDP,.A....,0,0,1,177,blacklist,2016-04-11 00:01:41
2016-04-11 00:01:41,0.0,42.219.158.188,143.72.8.137,36245,53,UDP,.A....,0,0,1,67,blacklist,2016-04-11 00:01:41
2016-04-11 00:01:41,0.0,143.72.8.137,42.219.158.188,53,36245,UDP,.A....,0,0,1,117,blacklist,2016-04-11 00:01:41
2016-04-11 00:01:41,0.0,42.219.158.188,143.72.8.137,54028,53,UDP,.A....,0,0,1,67,blacklist,2016-04-11 00:01:41
2016-04-11 00:01:41,0.0,42.219.158.188,143.72.8.137,60071,53,UDP,.A....,0,0,2,128,blacklist,2016-04-11 00:01:41
2016-04-11 00:01:41,0.0,143.72.8.137,42.219.158.188,53,54028,UDP,.A....,0,0,1,321,blacklist,2016-04-11 00:01:41
2016-04-11 00:01:41,0.0,143.72.8.137,42.219.158.188,53,60071,UDP,.A....,0,0,2,238,blacklist,2016-04-11 00:01:41
2016-04-11 00:01:41,0.0,42.219.158.188,143.72.8.137,33527,53,UDP,.A....,0,0,2,128,blacklist,2016-04-11 00:01:41
2016-04-11 00:01:41,0.0,143.72.8.137,42.219.158.188,53,33527,UDP,.A....,0,0,2,238,blacklist,2016-04-11 00:01:41
2016-04-11 00:01:41,0.0,42.219.158.188,143.72.8.137,45098,53,UDP,.A....,0,0,1,56,blacklist,2016-04-11 00:01:41
2016-04-11 00:01:41,0.0,42.219.158.188,143.72.8.137,54347,53,UDP,.A....,0,0,2,128,blacklist,2016-04-11 00:01:41
2016-04-11 00:01:41,0.0,143.72.8.137,42.219.158.188,53,45098,UDP,.A....,0,0,1,110,blacklist,2016-04-11 00:01:41
2016-04-11 00:01:41,0.0,42.219.158.188,143.72.4.250,37244,53,UDP,.A....,0,0,1,57,blacklist,2016-04-11 00:01:41
2016-04-11 00:01:41,0.004,143.72.8.137,42.219.158.188,53,54347,UDP,.A....,0,0,2,238,blacklist,2016-04-11 00:01:41
2016-04-11 00:01:41,0.0,143.72.4.250,42.219.158.188,53,37244,UDP,.A....,0,0,1,162,blacklist,2016-04-11 00:01:41
2016-04-11 00:01:41,0.012,42.219.158.188,143.72.8.137,12712,53,UDP,.A....,0,0,12,885,blacklist,2016-04-11 00:01:41
2016-04-11 00:01:41,0.0,42.219.158.188,143.72.8.137,33342,53,UDP,.A....,0,0,1,75,blacklist,2016-04-11 00:01:41
2016-04-11 00:01:41,0.10800000000000001,143.72.8.137,42.219.158.188,53,12712,UDP,.A....,0,0,12,1355,blacklist,2016-04-11 00:01:41
2016-04-11 00:01:41,0.0,143.72.8.137,42.219.158.188,53,33342,UDP,.A....,0,0,1,490,blacklist,2016-04-11 00:01:41
2016-04-11 00:01:41,0.012,42.219.158.188,143.72.8.137,47090,53,UDP,.A....,0,0,2,128,blacklist,2016-04-11 00:01:41
2016-04-11 00:01:41,0.012,143.72.8.137,42.219.158.188,53,47090,UDP,.A....,0,0,2,238,blacklist,2016-04-11 00:01:41
2016-04-11 00:01:41,0.004,42.219.158.188,143.72.8.137,48090,53,UDP,.A....,0,0,2,128,blacklist,2016-04-11 00:01:41
2016-04-11 00:01:41,0.0,143.72.8.137,42.219.158.188,53,48090,UDP,.A....,0,0,2,238,blacklist,2016-04-11 00:01:41
2016-04-11 00:01:41,0.0,42.219.158.188,143.72.8.137,18840,53,UDP,.A....,0,0,1,61,blacklist,2016-04-11 00:01:41
2016-04-11 00:01:41,0.0,143.72.8.137,42.219.158.188,53,18840,UDP,.A....,0,0,1,140,blacklist,2016-04-11 00:01:41
2016-04-11 00:01:41,0.0,42.219.158.188,143.72.4.250,25515,53,UDP,.A....,0,0,1,58,blacklist,2016-04-11 00:01:41
2016-04-11 00:01:41,0.0,143.72.4.250,42.219.158.188,53,25515,UDP,.A....,0,0,1,129,blacklist,2016-04-11 00:01:41
2016-04-11 00:01:41,0.004,42.219.158.188,143.72.8.137,14706,53,UDP,.A....,0,0,12,885,blacklist,2016-04-11 00:01:41
2016-04-11 00:01:41,0.0,42.219.158.188,143.72.8.137,43295,53,UDP,.A....,0,0,1,75,blacklist,2016-04-11 00:01:41
2016-04-11 00:01:42,0.152,143.72.8.137,42.219.158.188,53,14706,UDP,.A....,0,0,12,1355,blacklist,2016-04-11 00:01:42
2016-04-11 00:01:41,0.0,143.72.8.137,42.219.158.188,53,43295,UDP,.A....,0,0,1,490,blacklist,2016-04-11 00:01:41
2016-04-11 00:01:43,0.0,158.162.62.193,42.219.158.188,52937,53,UDP,.A....,0,72,1,68,blacklist,2016-04-11 00:01:43
2016-04-11 00:01:44,0.46399999999999997,215.98.182.153,42.219.158.188,64601,80,TCP,.AP.SF,0,72,6,567,blacklist,2016-04-11 00:01:44
2016-04-11 00:01:44,0.14,175.177.229.80,42.219.158.188,5355,80,TCP,.AP.S.,0,42,2,402,blacklist,2016-04-11 00:01:44
2016-04-11 00:01:44,0.456,175.177.229.80,42.219.158.188,5355,80,TCP,.A...F,0,40,10,400,blacklist,2016-04-11 00:01:44
2016-04-11 00:01:42,0.004,42.219.158.188,143.72.8.137,55052,53,UDP,.A....,0,0,2,128,blacklist,2016-04-11 00:01:42
2016-04-11 00:01:42,0.0,143.72.8.137,42.219.158.188,53,55052,UDP,.A....,0,0,2,238,blacklist,2016-04-11 00:01:42
2016-04-11 00:01:42,0.004,42.219.158.188,143.72.8.137,52046,53,UDP,.A....,0,0,2,128,blacklist,2016-04-11 00:01:42
2016-04-11 00:01:42,0.0,42.219.158.188,143.72.8.137,52488,53,UDP,.A....,0,0,2,128,blacklist,2016-04-11 00:01:42
2016-04-11 00:01:42,0.004,42.219.158.188,143.72.8.137,47486,53,UDP,.A....,0,0,2,128,blacklist,2016-04-11 00:01:42
2016-04-11 00:01:42,0.004,42.219.158.188,143.72.8.137,58325,53,UDP,.A....,0,0,2,128,blacklist,2016-04-11 00:01:42
2016-04-11 00:01:42,0.004,143.72.8.137,42.219.158.188,53,52046,UDP,.A....,0,0,2,238,blacklist,2016-04-11 00:01:42
2016-04-11 00:01:42,0.0,143.72.8.137,42.219.158.188,53,52488,UDP,.A....,0,0,2,238,blacklist,2016-04-11 00:01:42
2016-04-11 00:01:42,0.004,143.72.8.137,42.219.158.188,53,47486,UDP,.A....,0,0,2,238,blacklist,2016-04-11 00:01:42
2016-04-11 00:01:42,0.004,143.72.8.137,42.219.158.188,53,58325,UDP,.A....,0,0,2,238,blacklist,2016-04-11 00:01:42
